video,source,prompt_id,model_name,subject_id,representative_frame
data/generated_official_vbench/consisid_official_vbench_v1_single_20260705_155651_shard01/consisid_official_vbench_v1/ovb0001_consisid_official_vbench_v1_0.mp4,consisid,ovb0001,consisid,s001,
data/generated_official_vbench/consisid_official_vbench_v1_single_20260705_155651_shard01/consisid_official_vbench_v1/ovb0003_consisid_official_vbench_v1_0.mp4,consisid,ovb0003,consisid,s002,
data/generated_official_vbench/consisid_official_vbench_v1_single_20260705_155651_shard01/consisid_official_vbench_v1/ovb0005_consisid_official_vbench_v1_0.mp4,consisid,ovb0005,consisid,s003,
data/generated_official_vbench/consisid_official_vbench_v1_single_20260705_155651_shard01/consisid_official_vbench_v1/ovb0007_consisid_official_vbench_v1_0.mp4,consisid,ovb0007,consisid,s004,
data/generated_official_vbench/consisid_official_vbench_v1_single_20260705_155651_shard01/consisid_official_vbench_v1/ovb0009_consisid_official_vbench_v1_0.mp4,consisid,ovb0009,consisid,s005,
data/generated_official_vbench/consisid_official_vbench_v1_single_20260705_155651_shard01/consisid_official_vbench_v1/ovb0011_consisid_official_vbench_v1_0.mp4,consisid,ovb0011,consisid,s006,
data/generated_official_vbench/consisid_official_vbench_v1_single_20260705_155651_shard01/consisid_official_vbench_v1/ovb0013_consisid_official_vbench_v1_0.mp4,consisid,ovb0013,consisid,s007,
data/generated_official_vbench/consisid_official_vbench_v1_single_20260705_155651_shard01/consisid_official_vbench_v1/ovb0015_consisid_official_vbench_v1_0.mp4,consisid,ovb0015,consisid,s008,
data/generated_official_vbench/consisid_official_vbench_v1_single_20260705_155651_shard01/consisid_official_vbench_v1/ovb0017_consisid_official_vbench_v1_0.mp4,consisid,ovb0017,consisid,s009,
data/generated_official_vbench/consisid_official_vbench_v1_single_20260705_155651_shard01/consisid_official_vbench_v1/ovb0019_consisid_official_vbench_v1_0.mp4,consisid,ovb0019,consisid,s010,
data/generated_official_vbench/consisid_official_vbench_v1_single_20260705_155651_shard01/consisid_official_vbench_v1/ovb0021_consisid_official_vbench_v1_0.mp4,consisid,ovb0021,consisid,s011,
data/generated_official_vbench/consisid_official_vbench_v1_single_20260705_155651_shard01/consisid_official_vbench_v1/ovb0023_consisid_official_vbench_v1_0.mp4,consisid,ovb0023,consisid,s012,
data/generated_official_vbench/consisid_official_vbench_v1_single_20260705_155651_shard01/consisid_official_vbench_v1/ovb0025_consisid_official_vbench_v1_0.mp4,consisid,ovb0025,consisid,s013,
data/generated_official_vbench/consisid_official_vbench_v1_single_20260705_155651_shard01/consisid_official_vbench_v1/ovb0027_consisid_official_vbench_v1_0.mp4,consisid,ovb0027,consisid,s014,
data/generated_official_vbench/consisid_official_vbench_v1_single_20260705_155651_shard01/consisid_official_vbench_v1/ovb0029_consisid_official_vbench_v1_0.mp4,consisid,ovb0029,consisid,s015,
data/generated_official_vbench/consisid_official_vbench_v1_single_20260705_155651_shard01/consisid_official_vbench_v1/ovb0031_consisid_official_vbench_v1_0.mp4,consisid,ovb0031,consisid,s016,
data/generated_official_vbench/consisid_official_vbench_v1_single_20260705_155651_shard01/consisid_official_vbench_v1/ovb0033_consisid_official_vbench_v1_0.mp4,consisid,ovb0033,consisid,s017,
data/generated_official_vbench/consisid_official_vbench_v1_single_20260705_155651_shard01/consisid_official_vbench_v1/ovb0035_consisid_official_vbench_v1_0.mp4,consisid,ovb0035,consisid,s018,
data/generated_official_vbench/consisid_official_vbench_v1_single_20260705_155651_shard01/consisid_official_vbench_v1/ovb0037_consisid_official_vbench_v1_0.mp4,consisid,ovb0037,consisid,s019,
data/generated_official_vbench/consisid_official_vbench_v1_single_20260705_155651_shard01/consisid_official_vbench_v1/ovb0039_consisid_official_vbench_v1_0.mp4,consisid,ovb0039,consisid,s020,
data/generated_official_vbench/consisid_official_vbench_v1_single_20260705_155651_shard01/consisid_official_vbench_v1/ovb0041_consisid_official_vbench_v1_0.mp4,consisid,ovb0041,consisid,s021,
data/generated_official_vbench/consisid_official_vbench_v1_single_20260705_155651_shard01/consisid_official_vbench_v1/ovb0043_consisid_official_vbench_v1_0.mp4,consisid,ovb0043,consisid,s022,
data/generated_official_vbench/consisid_official_vbench_v1_single_20260705_155651_shard01/consisid_official_vbench_v1/ovb0045_consisid_official_vbench_v1_0.mp4,consisid,ovb0045,consisid,s023,
data/generated_official_vbench/consisid_official_vbench_v1_single_20260705_155651_shard01/consisid_official_vbench_v1/ovb0047_consisid_official_vbench_v1_0.mp4,consisid,ovb0047,consisid,s024,
data/generated_official_vbench/consisid_official_vbench_v1_single_20260705_155651_shard01/consisid_official_vbench_v1/ovb0049_consisid_official_vbench_v1_0.mp4,consisid,ovb0049,consisid,s025,
data/generated_official_vbench/consisid_official_vbench_v1_single_20260705_155651_shard01/consisid_official_vbench_v1/ovb0051_consisid_official_vbench_v1_0.mp4,consisid,ovb0051,consisid,s026,
data/generated_official_vbench/consisid_official_vbench_v1_single_20260705_155651_shard01/consisid_official_vbench_v1/ovb0053_consisid_official_vbench_v1_0.mp4,consisid,ovb0053,consisid,s027,
data/generated_official_vbench/consisid_official_vbench_v1_single_20260705_155651_shard01/consisid_official_vbench_v1/ovb0055_consisid_official_vbench_v1_0.mp4,consisid,ovb0055,consisid,s028,
data/generated_official_vbench/consisid_official_vbench_v1_single_20260705_155651_shard01/consisid_official_vbench_v1/ovb0057_consisid_official_vbench_v1_0.mp4,consisid,ovb0057,consisid,s029,
data/generated_official_vbench/consisid_official_vbench_v1_single_20260705_155651_shard01/consisid_official_vbench_v1/ovb0059_consisid_official_vbench_v1_0.mp4,consisid,ovb0059,consisid,s030,
data/generated_official_vbench/consisid_official_vbench_v1_single_20260705_155651_shard01/consisid_official_vbench_v1/ovb0061_consisid_official_vbench_v1_0.mp4,consisid,ovb0061,consisid,s031,
data/generated_official_vbench/consisid_official_vbench_v1_single_20260705_155651_shard01/consisid_official_vbench_v1/ovb0063_consisid_official_vbench_v1_0.mp4,consisid,ovb0063,consisid,s032,
data/generated_official_vbench/consisid_official_vbench_v1_single_20260705_155651_shard01/consisid_official_vbench_v1/ovb0065_consisid_official_vbench_v1_0.mp4,consisid,ovb0065,consisid,s033,
data/generated_official_vbench/consisid_official_vbench_v1_single_20260705_155651_shard01/consisid_official_vbench_v1/ovb0067_consisid_official_vbench_v1_0.mp4,consisid,ovb0067,consisid,s034,
data/generated_official_vbench/consisid_official_vbench_v1_single_20260705_155651_shard01/consisid_official_vbench_v1/ovb0069_consisid_official_vbench_v1_0.mp4,consisid,ovb0069,consisid,s035,
data/generated_official_vbench/consisid_official_vbench_v1_single_20260705_155651_shard01/consisid_official_vbench_v1/ovb0071_consisid_official_vbench_v1_0.mp4,consisid,ovb0071,consisid,s036,
data/generated_official_vbench/consisid_official_vbench_v1_single_20260705_155651_shard01/consisid_official_vbench_v1/ovb0073_consisid_official_vbench_v1_0.mp4,consisid,ovb0073,consisid,s037,
data/generated_official_vbench/consisid_official_vbench_v1_single_20260705_155651_shard01/consisid_official_vbench_v1/ovb0075_consisid_official_vbench_v1_0.mp4,consisid,ovb0075,consisid,s038,
data/generated_official_vbench/consisid_official_vbench_v1_single_20260705_155651_shard01/consisid_official_vbench_v1/ovb0077_consisid_official_vbench_v1_0.mp4,consisid,ovb0077,consisid,s039,
data/generated_official_vbench/consisid_official_vbench_v1_single_20260705_155651_shard01/consisid_official_vbench_v1/ovb0079_consisid_official_vbench_v1_0.mp4,consisid,ovb0079,consisid,s040,
data/generated_official_vbench/consisid_official_vbench_v1_single_20260705_155651_shard01/consisid_official_vbench_v1/ovb0081_consisid_official_vbench_v1_0.mp4,consisid,ovb0081,consisid,s041,
data/generated_official_vbench/consisid_official_vbench_v1_single_20260705_155651_shard01/consisid_official_vbench_v1/ovb0083_consisid_official_vbench_v1_0.mp4,consisid,ovb0083,consisid,s042,
data/generated_official_vbench/consisid_official_vbench_v1_single_20260705_155651_shard01/consisid_official_vbench_v1/ovb0085_consisid_official_vbench_v1_0.mp4,consisid,ovb0085,consisid,s043,
data/generated_official_vbench/consisid_official_vbench_v1_single_20260705_155651_shard01/consisid_official_vbench_v1/ovb0087_consisid_official_vbench_v1_0.mp4,consisid,ovb0087,consisid,s044,
data/generated_official_vbench/consisid_official_vbench_v1_single_20260705_155651_shard01/consisid_official_vbench_v1/ovb0089_consisid_official_vbench_v1_0.mp4,consisid,ovb0089,consisid,s045,
data/generated_official_vbench/consisid_official_vbench_v1_single_20260705_155651_shard01/consisid_official_vbench_v1/ovb0091_consisid_official_vbench_v1_0.mp4,consisid,ovb0091,consisid,s046,
data/generated_official_vbench/consisid_official_vbench_v1_single_20260705_155651_shard01/consisid_official_vbench_v1/ovb0093_consisid_official_vbench_v1_0.mp4,consisid,ovb0093,consisid,s047,
data/generated_official_vbench/consisid_official_vbench_v1_single_20260705_155651_shard01/consisid_official_vbench_v1/ovb0095_consisid_official_vbench_v1_0.mp4,consisid,ovb0095,consisid,s048,
data/generated_official_vbench/consisid_official_vbench_v1_single_20260705_155651_shard01/consisid_official_vbench_v1/ovb0097_consisid_official_vbench_v1_0.mp4,consisid,ovb0097,consisid,s049,
data/generated_official_vbench/consisid_official_vbench_v1_single_20260705_155651_shard01/consisid_official_vbench_v1/ovb0099_consisid_official_vbench_v1_0.mp4,consisid,ovb0099,consisid,s050,
data/generated_official_vbench/consisid_official_vbench_v1_single_20260705_155651_shard01/consisid_official_vbench_v1/ovb0101_consisid_official_vbench_v1_0.mp4,consisid,ovb0101,consisid,s051,
data/generated_official_vbench/consisid_official_vbench_v1_single_20260705_155651_shard01/consisid_official_vbench_v1/ovb0103_consisid_official_vbench_v1_0.mp4,consisid,ovb0103,consisid,s052,
data/generated_official_vbench/consisid_official_vbench_v1_single_20260705_155651_shard01/consisid_official_vbench_v1/ovb0105_consisid_official_vbench_v1_0.mp4,consisid,ovb0105,consisid,s053,
data/generated_official_vbench/consisid_official_vbench_v1_single_20260705_155651_shard01/consisid_official_vbench_v1/ovb0107_consisid_official_vbench_v1_0.mp4,consisid,ovb0107,consisid,s054,
data/generated_official_vbench/consisid_official_vbench_v1_single_20260705_155651_shard01/consisid_official_vbench_v1/ovb0109_consisid_official_vbench_v1_0.mp4,consisid,ovb0109,consisid,s055,
data/generated_official_vbench/consisid_official_vbench_v1_single_20260705_155651_shard01/consisid_official_vbench_v1/ovb0111_consisid_official_vbench_v1_0.mp4,consisid,ovb0111,consisid,s056,
data/generated_official_vbench/consisid_official_vbench_v1_single_20260705_155651_shard01/consisid_official_vbench_v1/ovb0113_consisid_official_vbench_v1_0.mp4,consisid,ovb0113,consisid,s057,
data/generated_official_vbench/consisid_official_vbench_v1_single_20260705_155651_shard01/consisid_official_vbench_v1/ovb0115_consisid_official_vbench_v1_0.mp4,consisid,ovb0115,consisid,s058,
data/generated_official_vbench/consisid_official_vbench_v1_single_20260705_155651_shard01/consisid_official_vbench_v1/ovb0117_consisid_official_vbench_v1_0.mp4,consisid,ovb0117,consisid,s059,
data/generated_official_vbench/consisid_official_vbench_v1_single_20260705_155651_shard01/consisid_official_vbench_v1/ovb0119_consisid_official_vbench_v1_0.mp4,consisid,ovb0119,consisid,s060,
data/generated_official_vbench/consisid_official_vbench_v1_single_20260705_155651_shard01/consisid_official_vbench_v1/ovb0121_consisid_official_vbench_v1_0.mp4,consisid,ovb0121,consisid,s061,
data/generated_official_vbench/consisid_official_vbench_v1_single_20260705_155651_shard01/consisid_official_vbench_v1/ovb0123_consisid_official_vbench_v1_0.mp4,consisid,ovb0123,consisid,s062,
data/generated_official_vbench/consisid_official_vbench_v1_single_20260705_155651_shard01/consisid_official_vbench_v1/ovb0125_consisid_official_vbench_v1_0.mp4,consisid,ovb0125,consisid,s063,
data/generated_official_vbench/consisid_official_vbench_v1_single_20260705_155651_shard01/consisid_official_vbench_v1/ovb0127_consisid_official_vbench_v1_0.mp4,consisid,ovb0127,consisid,s064,
data/generated_official_vbench/consisid_official_vbench_v1_single_20260705_155651_shard01/consisid_official_vbench_v1/ovb0129_consisid_official_vbench_v1_0.mp4,consisid,ovb0129,consisid,s065,
data/generated_official_vbench/consisid_official_vbench_v1_single_20260705_155651_shard01/consisid_official_vbench_v1/ovb0131_consisid_official_vbench_v1_0.mp4,consisid,ovb0131,consisid,s066,
data/generated_official_vbench/consisid_official_vbench_v1_single_20260705_155651_shard01/consisid_official_vbench_v1/ovb0133_consisid_official_vbench_v1_0.mp4,consisid,ovb0133,consisid,s067,
data/generated_official_vbench/consisid_official_vbench_v1_single_20260705_155651_shard01/consisid_official_vbench_v1/ovb0135_consisid_official_vbench_v1_0.mp4,consisid,ovb0135,consisid,s068,
data/generated_official_vbench/consisid_official_vbench_v1_single_20260705_155651_shard01/consisid_official_vbench_v1/ovb0137_consisid_official_vbench_v1_0.mp4,consisid,ovb0137,consisid,s069,
data/generated_official_vbench/consisid_official_vbench_v1_single_20260705_155651_shard01/consisid_official_vbench_v1/ovb0139_consisid_official_vbench_v1_0.mp4,consisid,ovb0139,consisid,s070,
data/generated_official_vbench/consisid_official_vbench_v1_single_20260705_155651_shard01/consisid_official_vbench_v1/ovb0141_consisid_official_vbench_v1_0.mp4,consisid,ovb0141,consisid,s071,
data/generated_official_vbench/consisid_official_vbench_v1_single_20260705_155651_shard01/consisid_official_vbench_v1/ovb0143_consisid_official_vbench_v1_0.mp4,consisid,ovb0143,consisid,s072,
data/generated_official_vbench/consisid_official_vbench_v1_single_20260705_155651_shard01/consisid_official_vbench_v1/ovb0145_consisid_official_vbench_v1_0.mp4,consisid,ovb0145,consisid,s073,
data/generated_official_vbench/consisid_official_vbench_v1_single_20260705_155651_shard01/consisid_official_vbench_v1/ovb0147_consisid_official_vbench_v1_0.mp4,consisid,ovb0147,consisid,s074,
data/generated_official_vbench/consisid_official_vbench_v1_single_20260705_155651_shard01/consisid_official_vbench_v1/ovb0149_consisid_official_vbench_v1_0.mp4,consisid,ovb0149,consisid,s075,
data/generated_official_vbench/consisid_official_vbench_v1_single_20260705_155651_shard01/consisid_official_vbench_v1/ovb0151_consisid_official_vbench_v1_0.mp4,consisid,ovb0151,consisid,s076,
data/generated_official_vbench/consisid_official_vbench_v1_single_20260705_155651_shard01/consisid_official_vbench_v1/ovb0153_consisid_official_vbench_v1_0.mp4,consisid,ovb0153,consisid,s077,
data/generated_official_vbench/consisid_official_vbench_v1_single_20260705_155651_shard01/consisid_official_vbench_v1/ovb0155_consisid_official_vbench_v1_0.mp4,consisid,ovb0155,consisid,s078,
data/generated_official_vbench/consisid_official_vbench_v1_single_20260705_155651_shard01/consisid_official_vbench_v1/ovb0157_consisid_official_vbench_v1_0.mp4,consisid,ovb0157,consisid,s079,
data/generated_official_vbench/consisid_official_vbench_v1_single_20260705_155651_shard01/consisid_official_vbench_v1/ovb0159_consisid_official_vbench_v1_0.mp4,consisid,ovb0159,consisid,s080,
data/generated_official_vbench/consisid_official_vbench_v1_single_20260705_155651_shard01/consisid_official_vbench_v1/ovb0161_consisid_official_vbench_v1_0.mp4,consisid,ovb0161,consisid,s081,
data/generated_official_vbench/consisid_official_vbench_v1_single_20260705_155651_shard01/consisid_official_vbench_v1/ovb0163_consisid_official_vbench_v1_0.mp4,consisid,ovb0163,consisid,s082,
data/generated_official_vbench/consisid_official_vbench_v1_single_20260705_155651_shard01/consisid_official_vbench_v1/ovb0165_consisid_official_vbench_v1_0.mp4,consisid,ovb0165,consisid,s083,
data/generated_official_vbench/consisid_official_vbench_v1_single_20260705_155651_shard01/consisid_official_vbench_v1/ovb0167_consisid_official_vbench_v1_0.mp4,consisid,ovb0167,consisid,s084,
data/generated_official_vbench/consisid_official_vbench_v1_single_20260705_155651_shard01/consisid_official_vbench_v1/ovb0169_consisid_official_vbench_v1_0.mp4,consisid,ovb0169,consisid,s085,
data/generated_official_vbench/consisid_official_vbench_v1_single_20260705_155651_shard01/consisid_official_vbench_v1/ovb0171_consisid_official_vbench_v1_0.mp4,consisid,ovb0171,consisid,s086,
data/generated_official_vbench/consisid_official_vbench_v1_single_20260705_155651_shard01/consisid_official_vbench_v1/ovb0173_consisid_official_vbench_v1_0.mp4,consisid,ovb0173,consisid,s087,
data/generated_official_vbench/consisid_official_vbench_v1_single_20260705_155651_shard01/consisid_official_vbench_v1/ovb0175_consisid_official_vbench_v1_0.mp4,consisid,ovb0175,consisid,s088,
data/generated_official_vbench/consisid_official_vbench_v1_single_20260705_155651_shard01/consisid_official_vbench_v1/ovb0177_consisid_official_vbench_v1_0.mp4,consisid,ovb0177,consisid,s089,
data/generated_official_vbench/consisid_official_vbench_v1_single_20260705_155651_shard01/consisid_official_vbench_v1/ovb0179_consisid_official_vbench_v1_0.mp4,consisid,ovb0179,consisid,s090,
data/generated_official_vbench/consisid_official_vbench_v1_single_20260705_155651_shard01/consisid_official_vbench_v1/ovb0181_consisid_official_vbench_v1_0.mp4,consisid,ovb0181,consisid,s091,
data/generated_official_vbench/consisid_official_vbench_v1_single_20260705_155651_shard01/consisid_official_vbench_v1/ovb0183_consisid_official_vbench_v1_0.mp4,consisid,ovb0183,consisid,s092,
data/generated_official_vbench/consisid_official_vbench_v1_single_20260705_155651_shard01/consisid_official_vbench_v1/ovb0185_consisid_official_vbench_v1_0.mp4,consisid,ovb0185,consisid,s093,
data/generated_official_vbench/consisid_official_vbench_v1_single_20260705_155651_shard01/consisid_official_vbench_v1/ovb0187_consisid_official_vbench_v1_0.mp4,consisid,ovb0187,consisid,s094,
data/generated_official_vbench/consisid_official_vbench_v1_single_20260705_155651_shard01/consisid_official_vbench_v1/ovb0189_consisid_official_vbench_v1_0.mp4,consisid,ovb0189,consisid,s095,
data/generated_official_vbench/consisid_official_vbench_v1_single_20260705_155651_shard01/consisid_official_vbench_v1/ovb0191_consisid_official_vbench_v1_0.mp4,consisid,ovb0191,consisid,s096,
data/generated_official_vbench/consisid_official_vbench_v1_single_20260705_155651_shard01/consisid_official_vbench_v1/ovb0193_consisid_official_vbench_v1_0.mp4,consisid,ovb0193,consisid,s097,
data/generated_official_vbench/consisid_official_vbench_v1_single_20260705_155651_shard01/consisid_official_vbench_v1/ovb0195_consisid_official_vbench_v1_0.mp4,consisid,ovb0195,consisid,s098,
data/generated_official_vbench/consisid_official_vbench_v1_single_20260705_155651_shard01/consisid_official_vbench_v1/ovb0197_consisid_official_vbench_v1_0.mp4,consisid,ovb0197,consisid,s099,
data/generated_official_vbench/consisid_official_vbench_v1_single_20260705_155651_shard01/consisid_official_vbench_v1/ovb0199_consisid_official_vbench_v1_0.mp4,consisid,ovb0199,consisid,s100,
data/generated_official_vbench/consisid_official_vbench_v1_single_20260705_155651_shard01/consisid_official_vbench_v1/ovb0201_consisid_official_vbench_v1_0.mp4,consisid,ovb0201,consisid,s101,
data/generated_official_vbench/consisid_official_vbench_v1_single_20260705_155651_shard01/consisid_official_vbench_v1/ovb0203_consisid_official_vbench_v1_0.mp4,consisid,ovb0203,consisid,s102,
data/generated_official_vbench/consisid_official_vbench_v1_single_20260705_155651_shard01/consisid_official_vbench_v1/ovb0205_consisid_official_vbench_v1_0.mp4,consisid,ovb0205,consisid,s103,
data/generated_official_vbench/consisid_official_vbench_v1_single_20260705_155651_shard01/consisid_official_vbench_v1/ovb0207_consisid_official_vbench_v1_0.mp4,consisid,ovb0207,consisid,s104,
data/generated_official_vbench/consisid_official_vbench_v1_single_20260705_155651_shard01/consisid_official_vbench_v1/ovb0209_consisid_official_vbench_v1_0.mp4,consisid,ovb0209,consisid,s105,
data/generated_official_vbench/consisid_official_vbench_v1_single_20260705_155651_shard01/consisid_official_vbench_v1/ovb0211_consisid_official_vbench_v1_0.mp4,consisid,ovb0211,consisid,s106,
data/generated_official_vbench/consisid_official_vbench_v1_single_20260705_155651_shard01/consisid_official_vbench_v1/ovb0213_consisid_official_vbench_v1_0.mp4,consisid,ovb0213,consisid,s107,
data/generated_official_vbench/consisid_official_vbench_v1_single_20260705_155651_shard01/consisid_official_vbench_v1/ovb0215_consisid_official_vbench_v1_0.mp4,consisid,ovb0215,consisid,s108,
data/generated_official_vbench/consisid_official_vbench_v1_single_20260705_155651_shard01/consisid_official_vbench_v1/ovb0217_consisid_official_vbench_v1_0.mp4,consisid,ovb0217,consisid,s109,
data/generated_official_vbench/consisid_official_vbench_v1_single_20260705_155651_shard01/consisid_official_vbench_v1/ovb0219_consisid_official_vbench_v1_0.mp4,consisid,ovb0219,consisid,s110,
data/generated_official_vbench/consisid_official_vbench_v1_single_20260705_155651_shard01/consisid_official_vbench_v1/ovb0221_consisid_official_vbench_v1_0.mp4,consisid,ovb0221,consisid,s111,
data/generated_official_vbench/consisid_official_vbench_v1_single_20260705_155651_shard01/consisid_official_vbench_v1/ovb0223_consisid_official_vbench_v1_0.mp4,consisid,ovb0223,consisid,s112,
data/generated_official_vbench/consisid_official_vbench_v1_single_20260705_155651_shard01/consisid_official_vbench_v1/ovb0225_consisid_official_vbench_v1_0.mp4,consisid,ovb0225,consisid,s113,
data/generated_official_vbench/consisid_official_vbench_v1_single_20260705_155651_shard01/consisid_official_vbench_v1/ovb0227_consisid_official_vbench_v1_0.mp4,consisid,ovb0227,consisid,s114,
data/generated_official_vbench/consisid_official_vbench_v1_single_20260705_155651_shard01/consisid_official_vbench_v1/ovb0229_consisid_official_vbench_v1_0.mp4,consisid,ovb0229,consisid,s115,
data/generated_official_vbench/consisid_official_vbench_v1_single_20260705_155651_shard01/consisid_official_vbench_v1/ovb0231_consisid_official_vbench_v1_0.mp4,consisid,ovb0231,consisid,s116,
data/generated_official_vbench/consisid_official_vbench_v1_single_20260705_155651_shard01/consisid_official_vbench_v1/ovb0233_consisid_official_vbench_v1_0.mp4,consisid,ovb0233,consisid,s117,
data/generated_official_vbench/consisid_official_vbench_v1_single_20260705_155651_shard01/consisid_official_vbench_v1/ovb0235_consisid_official_vbench_v1_0.mp4,consisid,ovb0235,consisid,s118,
data/generated_official_vbench/consisid_official_vbench_v1_single_20260705_155651_shard01/consisid_official_vbench_v1/ovb0237_consisid_official_vbench_v1_0.mp4,consisid,ovb0237,consisid,s119,
data/generated_official_vbench/consisid_official_vbench_v1_single_20260705_155651_shard01/consisid_official_vbench_v1/ovb0239_consisid_official_vbench_v1_0.mp4,consisid,ovb0239,consisid,s120,
data/generated_official_vbench/consisid_official_vbench_v1_single_20260705_155651_shard01/consisid_official_vbench_v1/ovb0241_consisid_official_vbench_v1_0.mp4,consisid,ovb0241,consisid,s121,
data/generated_official_vbench/consisid_official_vbench_v1_single_20260705_155651_shard01/consisid_official_vbench_v1/ovb0243_consisid_official_vbench_v1_0.mp4,consisid,ovb0243,consisid,s122,
data/generated_official_vbench/consisid_official_vbench_v1_single_20260705_155651_shard01/consisid_official_vbench_v1/ovb0245_consisid_official_vbench_v1_0.mp4,consisid,ovb0245,consisid,s123,
data/generated_official_vbench/consisid_official_vbench_v1_single_20260705_155651_shard01/consisid_official_vbench_v1/ovb0247_consisid_official_vbench_v1_0.mp4,consisid,ovb0247,consisid,s124,
data/generated_official_vbench/consisid_official_vbench_v1_single_20260705_155651_shard01/consisid_official_vbench_v1/ovb0249_consisid_official_vbench_v1_0.mp4,consisid,ovb0249,consisid,s125,
data/generated_official_vbench/consisid_official_vbench_v1_single_20260705_155651_shard01/consisid_official_vbench_v1/ovb0251_consisid_official_vbench_v1_0.mp4,consisid,ovb0251,consisid,s126,
data/generated_official_vbench/consisid_official_vbench_v1_single_20260705_155651_shard01/consisid_official_vbench_v1/ovb0253_consisid_official_vbench_v1_0.mp4,consisid,ovb0253,consisid,s127,
data/generated_official_vbench/consisid_official_vbench_v1_single_20260705_155651_shard01/consisid_official_vbench_v1/ovb0255_consisid_official_vbench_v1_0.mp4,consisid,ovb0255,consisid,s128,
data/generated_official_vbench/consisid_official_vbench_v1_single_20260705_155651_shard01/consisid_official_vbench_v1/ovb0257_consisid_official_vbench_v1_0.mp4,consisid,ovb0257,consisid,s129,
data/generated_official_vbench/consisid_official_vbench_v1_single_20260705_155651_shard01/consisid_official_vbench_v1/ovb0259_consisid_official_vbench_v1_0.mp4,consisid,ovb0259,consisid,s130,
data/generated_official_vbench/consisid_official_vbench_v1_single_20260705_155651_shard01/consisid_official_vbench_v1/ovb0261_consisid_official_vbench_v1_0.mp4,consisid,ovb0261,consisid,s131,
data/generated_official_vbench/consisid_official_vbench_v1_single_20260705_155651_shard01/consisid_official_vbench_v1/ovb0263_consisid_official_vbench_v1_0.mp4,consisid,ovb0263,consisid,s132,
data/generated_official_vbench/consisid_official_vbench_v1_single_20260705_155651_shard01/consisid_official_vbench_v1/ovb0265_consisid_official_vbench_v1_0.mp4,consisid,ovb0265,consisid,s133,
data/generated_official_vbench/consisid_official_vbench_v1_single_20260705_155651_shard01/consisid_official_vbench_v1/ovb0267_consisid_official_vbench_v1_0.mp4,consisid,ovb0267,consisid,s134,
data/generated_official_vbench/consisid_official_vbench_v1_single_20260705_155651_shard01/consisid_official_vbench_v1/ovb0269_consisid_official_vbench_v1_0.mp4,consisid,ovb0269,consisid,s135,
data/generated_official_vbench/consisid_official_vbench_v1_single_20260705_155651_shard01/consisid_official_vbench_v1/ovb0271_consisid_official_vbench_v1_0.mp4,consisid,ovb0271,consisid,s136,
data/generated_official_vbench/consisid_official_vbench_v1_single_20260705_155651_shard01/consisid_official_vbench_v1/ovb0273_consisid_official_vbench_v1_0.mp4,consisid,ovb0273,consisid,s137,
data/generated_official_vbench/consisid_official_vbench_v1_single_20260705_155651_shard01/consisid_official_vbench_v1/ovb0275_consisid_official_vbench_v1_0.mp4,consisid,ovb0275,consisid,s138,
data/generated_official_vbench/consisid_official_vbench_v1_single_20260705_155651_shard01/consisid_official_vbench_v1/ovb0277_consisid_official_vbench_v1_0.mp4,consisid,ovb0277,consisid,s139,
data/generated_official_vbench/consisid_official_vbench_v1_single_20260705_155651_shard01/consisid_official_vbench_v1/ovb0279_consisid_official_vbench_v1_0.mp4,consisid,ovb0279,consisid,s140,
data/generated_official_vbench/consisid_official_vbench_v1_single_20260705_155651_shard01/consisid_official_vbench_v1/ovb0281_consisid_official_vbench_v1_0.mp4,consisid,ovb0281,consisid,s141,
data/generated_official_vbench/consisid_official_vbench_v1_single_20260705_155651_shard01/consisid_official_vbench_v1/ovb0283_consisid_official_vbench_v1_0.mp4,consisid,ovb0283,consisid,s142,
data/generated_official_vbench/consisid_official_vbench_v1_single_20260705_155651_shard01/consisid_official_vbench_v1/ovb0285_consisid_official_vbench_v1_0.mp4,consisid,ovb0285,consisid,s143,
data/generated_official_vbench/consisid_official_vbench_v1_single_20260705_155651_shard01/consisid_official_vbench_v1/ovb0287_consisid_official_vbench_v1_0.mp4,consisid,ovb0287,consisid,s144,
data/generated_official_vbench/consisid_official_vbench_v1_single_20260705_155651_shard01/consisid_official_vbench_v1/ovb0289_consisid_official_vbench_v1_0.mp4,consisid,ovb0289,consisid,s145,
data/generated_official_vbench/consisid_official_vbench_v1_single_20260705_155651_shard01/consisid_official_vbench_v1/ovb0291_consisid_official_vbench_v1_0.mp4,consisid,ovb0291,consisid,s146,
data/generated_official_vbench/consisid_official_vbench_v1_single_20260705_155651_shard01/consisid_official_vbench_v1/ovb0293_consisid_official_vbench_v1_0.mp4,consisid,ovb0293,consisid,s147,
data/generated_official_vbench/consisid_official_vbench_v1_single_20260705_155651_shard01/consisid_official_vbench_v1/ovb0295_consisid_official_vbench_v1_0.mp4,consisid,ovb0295,consisid,s148,
data/generated_official_vbench/consisid_official_vbench_v1_single_20260705_155651_shard01/consisid_official_vbench_v1/ovb0297_consisid_official_vbench_v1_0.mp4,consisid,ovb0297,consisid,s149,
data/generated_official_vbench/consisid_official_vbench_v1_single_20260705_155651_shard01/consisid_official_vbench_v1/ovb0299_consisid_official_vbench_v1_0.mp4,consisid,ovb0299,consisid,s150,
data/generated_official_vbench/consisid_official_vbench_v1_single_20260705_155651_shard01/consisid_official_vbench_v1/ovb0301_consisid_official_vbench_v1_0.mp4,consisid,ovb0301,consisid,s151,
data/generated_official_vbench/consisid_official_vbench_v1_single_20260705_155651_shard01/consisid_official_vbench_v1/ovb0303_consisid_official_vbench_v1_0.mp4,consisid,ovb0303,consisid,s152,
data/generated_official_vbench/consisid_official_vbench_v1_single_20260705_155651_shard01/consisid_official_vbench_v1/ovb0305_consisid_official_vbench_v1_0.mp4,consisid,ovb0305,consisid,s153,
data/generated_official_vbench/consisid_official_vbench_v1_single_20260705_155651_shard01/consisid_official_vbench_v1/ovb0307_consisid_official_vbench_v1_0.mp4,consisid,ovb0307,consisid,s154,
data/generated_official_vbench/consisid_official_vbench_v1_single_20260705_155651_shard01/consisid_official_vbench_v1/ovb0309_consisid_official_vbench_v1_0.mp4,consisid,ovb0309,consisid,s155,
data/generated_official_vbench/consisid_official_vbench_v1_single_20260705_155651_shard01/consisid_official_vbench_v1/ovb0311_consisid_official_vbench_v1_0.mp4,consisid,ovb0311,consisid,s156,
data/generated_official_vbench/consisid_official_vbench_v1_single_20260705_155651_shard01/consisid_official_vbench_v1/ovb0313_consisid_official_vbench_v1_0.mp4,consisid,ovb0313,consisid,s157,
data/generated_official_vbench/consisid_official_vbench_v1_single_20260705_155651_shard01/consisid_official_vbench_v1/ovb0315_consisid_official_vbench_v1_0.mp4,consisid,ovb0315,consisid,s158,
data/generated_official_vbench/consisid_official_vbench_v1_single_20260705_155651_shard01/consisid_official_vbench_v1/ovb0317_consisid_official_vbench_v1_0.mp4,consisid,ovb0317,consisid,s159,
data/generated_official_vbench/consisid_official_vbench_v1_single_20260705_155651_shard01/consisid_official_vbench_v1/ovb0319_consisid_official_vbench_v1_0.mp4,consisid,ovb0319,consisid,s160,
data/generated_official_vbench/consisid_official_vbench_v1_single_20260705_155651_shard01/consisid_official_vbench_v1/ovb0321_consisid_official_vbench_v1_0.mp4,consisid,ovb0321,consisid,s161,
data/generated_official_vbench/consisid_official_vbench_v1_single_20260705_155651_shard01/consisid_official_vbench_v1/ovb0323_consisid_official_vbench_v1_0.mp4,consisid,ovb0323,consisid,s162,
data/generated_official_vbench/consisid_official_vbench_v1_single_20260705_155651_shard01/consisid_official_vbench_v1/ovb0325_consisid_official_vbench_v1_0.mp4,consisid,ovb0325,consisid,s163,
data/generated_official_vbench/consisid_official_vbench_v1_single_20260705_155651_shard01/consisid_official_vbench_v1/ovb0327_consisid_official_vbench_v1_0.mp4,consisid,ovb0327,consisid,s164,
data/generated_official_vbench/consisid_official_vbench_v1_single_20260705_155651_shard01/consisid_official_vbench_v1/ovb0329_consisid_official_vbench_v1_0.mp4,consisid,ovb0329,consisid,s165,
data/generated_official_vbench/consisid_official_vbench_v1_single_20260705_155651_shard01/consisid_official_vbench_v1/ovb0331_consisid_official_vbench_v1_0.mp4,consisid,ovb0331,consisid,s166,
data/generated_official_vbench/consisid_official_vbench_v1_single_20260705_155651_shard01/consisid_official_vbench_v1/ovb0333_consisid_official_vbench_v1_0.mp4,consisid,ovb0333,consisid,s167,
data/generated_official_vbench/consisid_official_vbench_v1_single_20260705_155651_shard01/consisid_official_vbench_v1/ovb0335_consisid_official_vbench_v1_0.mp4,consisid,ovb0335,consisid,s168,
data/generated_official_vbench/consisid_official_vbench_v1_single_20260705_155651_shard01/consisid_official_vbench_v1/ovb0337_consisid_official_vbench_v1_0.mp4,consisid,ovb0337,consisid,s169,
data/generated_official_vbench/consisid_official_vbench_v1_single_20260705_155651_shard01/consisid_official_vbench_v1/ovb0339_consisid_official_vbench_v1_0.mp4,consisid,ovb0339,consisid,s170,
data/generated_official_vbench/consisid_official_vbench_v1_single_20260705_155651_shard01/consisid_official_vbench_v1/ovb0341_consisid_official_vbench_v1_0.mp4,consisid,ovb0341,consisid,s171,
data/generated_official_vbench/consisid_official_vbench_v1_single_20260705_155651_shard01/consisid_official_vbench_v1/ovb0343_consisid_official_vbench_v1_0.mp4,consisid,ovb0343,consisid,s172,
data/generated_official_vbench/consisid_official_vbench_v1_single_20260705_155651_shard01/consisid_official_vbench_v1/ovb0345_consisid_official_vbench_v1_0.mp4,consisid,ovb0345,consisid,s173,
data/generated_official_vbench/consisid_official_vbench_v1_single_20260705_155651_shard01/consisid_official_vbench_v1/ovb0347_consisid_official_vbench_v1_0.mp4,consisid,ovb0347,consisid,s174,
data/generated_official_vbench/consisid_official_vbench_v1_single_20260705_155651_shard01/consisid_official_vbench_v1/ovb0349_consisid_official_vbench_v1_0.mp4,consisid,ovb0349,consisid,s175,
data/generated_official_vbench/consisid_official_vbench_v1_single_20260705_155651_shard01/consisid_official_vbench_v1/ovb0351_consisid_official_vbench_v1_0.mp4,consisid,ovb0351,consisid,s176,
data/generated_official_vbench/consisid_official_vbench_v1_single_20260705_155651_shard01/consisid_official_vbench_v1/ovb0353_consisid_official_vbench_v1_0.mp4,consisid,ovb0353,consisid,s177,
data/generated_official_vbench/consisid_official_vbench_v1_single_20260705_155651_shard01/consisid_official_vbench_v1/ovb0355_consisid_official_vbench_v1_0.mp4,consisid,ovb0355,consisid,s178,
data/generated_official_vbench/consisid_official_vbench_v1_single_20260705_155651_shard01/consisid_official_vbench_v1/ovb0357_consisid_official_vbench_v1_0.mp4,consisid,ovb0357,consisid,s179,
data/generated_official_vbench/consisid_official_vbench_v1_single_20260705_155651_shard01/consisid_official_vbench_v1/ovb0359_consisid_official_vbench_v1_0.mp4,consisid,ovb0359,consisid,s180,
data/generated_official_vbench/consisid_official_vbench_v1_single_20260705_155651_shard01/consisid_official_vbench_v1/ovb0361_consisid_official_vbench_v1_0.mp4,consisid,ovb0361,consisid,s181,
data/generated_official_vbench/consisid_official_vbench_v1_single_20260705_155651_shard01/consisid_official_vbench_v1/ovb0363_consisid_official_vbench_v1_0.mp4,consisid,ovb0363,consisid,s182,
data/generated_official_vbench/consisid_official_vbench_v1_single_20260705_155651_shard01/consisid_official_vbench_v1/ovb0365_consisid_official_vbench_v1_0.mp4,consisid,ovb0365,consisid,s183,
data/generated_official_vbench/consisid_official_vbench_v1_single_20260705_155651_shard01/consisid_official_vbench_v1/ovb0367_consisid_official_vbench_v1_0.mp4,consisid,ovb0367,consisid,s184,
data/generated_official_vbench/consisid_official_vbench_v1_single_20260705_155651_shard01/consisid_official_vbench_v1/ovb0369_consisid_official_vbench_v1_0.mp4,consisid,ovb0369,consisid,s185,
data/generated_official_vbench/consisid_official_vbench_v1_single_20260705_155651_shard01/consisid_official_vbench_v1/ovb0371_consisid_official_vbench_v1_0.mp4,consisid,ovb0371,consisid,s186,
data/generated_official_vbench/consisid_official_vbench_v1_single_20260705_155651_shard01/consisid_official_vbench_v1/ovb0373_consisid_official_vbench_v1_0.mp4,consisid,ovb0373,consisid,s187,
data/generated_official_vbench/consisid_official_vbench_v1_single_20260705_155651_shard01/consisid_official_vbench_v1/ovb0375_consisid_official_vbench_v1_0.mp4,consisid,ovb0375,consisid,s188,
data/generated_official_vbench/consisid_official_vbench_v1_single_20260705_155651_shard01/consisid_official_vbench_v1/ovb0377_consisid_official_vbench_v1_0.mp4,consisid,ovb0377,consisid,s189,
data/generated_official_vbench/consisid_official_vbench_v1_single_20260705_155651_shard01/consisid_official_vbench_v1/ovb0379_consisid_official_vbench_v1_0.mp4,consisid,ovb0379,consisid,s190,
data/generated_official_vbench/consisid_official_vbench_v1_single_20260705_155651_shard01/consisid_official_vbench_v1/ovb0381_consisid_official_vbench_v1_0.mp4,consisid,ovb0381,consisid,s191,
data/generated_official_vbench/consisid_official_vbench_v1_single_20260705_155651_shard01/consisid_official_vbench_v1/ovb0383_consisid_official_vbench_v1_0.mp4,consisid,ovb0383,consisid,s192,
data/generated_official_vbench/consisid_official_vbench_v1_single_20260705_155651_shard01/consisid_official_vbench_v1/ovb0385_consisid_official_vbench_v1_0.mp4,consisid,ovb0385,consisid,s193,
data/generated_official_vbench/consisid_official_vbench_v1_single_20260705_155651_shard01/consisid_official_vbench_v1/ovb0387_consisid_official_vbench_v1_0.mp4,consisid,ovb0387,consisid,s194,
data/generated_official_vbench/consisid_official_vbench_v1_single_20260705_155651_shard01/consisid_official_vbench_v1/ovb0389_consisid_official_vbench_v1_0.mp4,consisid,ovb0389,consisid,s195,
data/generated_official_vbench/consisid_official_vbench_v1_single_20260705_155651_shard01/consisid_official_vbench_v1/ovb0391_consisid_official_vbench_v1_0.mp4,consisid,ovb0391,consisid,s196,
data/generated_official_vbench/consisid_official_vbench_v1_single_20260705_155651_shard01/consisid_official_vbench_v1/ovb0393_consisid_official_vbench_v1_0.mp4,consisid,ovb0393,consisid,s197,
data/generated_official_vbench/consisid_official_vbench_v1_single_20260705_155651_shard01/consisid_official_vbench_v1/ovb0395_consisid_official_vbench_v1_0.mp4,consisid,ovb0395,consisid,s198,
data/generated_official_vbench/consisid_official_vbench_v1_single_20260705_155651_shard01/consisid_official_vbench_v1/ovb0397_consisid_official_vbench_v1_0.mp4,consisid,ovb0397,consisid,s199,
data/generated_official_vbench/consisid_official_vbench_v1_single_20260705_155651_shard01/consisid_official_vbench_v1/ovb0399_consisid_official_vbench_v1_0.mp4,consisid,ovb0399,consisid,s200,
data/generated_official_vbench/consisid_official_vbench_v1_single_20260705_155651_shard01/consisid_official_vbench_v1/ovb0401_consisid_official_vbench_v1_0.mp4,consisid,ovb0401,consisid,s201,
data/generated_official_vbench/consisid_official_vbench_v1_single_20260705_155651_shard01/consisid_official_vbench_v1/ovb0403_consisid_official_vbench_v1_0.mp4,consisid,ovb0403,consisid,s202,
data/generated_official_vbench/consisid_official_vbench_v1_single_20260705_155651_shard01/consisid_official_vbench_v1/ovb0405_consisid_official_vbench_v1_0.mp4,consisid,ovb0405,consisid,s203,
data/generated_official_vbench/consisid_official_vbench_v1_single_20260705_155651_shard01/consisid_official_vbench_v1/ovb0407_consisid_official_vbench_v1_0.mp4,consisid,ovb0407,consisid,s204,
data/generated_official_vbench/consisid_official_vbench_v1_single_20260705_155651_shard01/consisid_official_vbench_v1/ovb0409_consisid_official_vbench_v1_0.mp4,consisid,ovb0409,consisid,s205,
data/generated_official_vbench/consisid_official_vbench_v1_single_20260705_155651_shard01/consisid_official_vbench_v1/ovb0411_consisid_official_vbench_v1_0.mp4,consisid,ovb0411,consisid,s206,
data/generated_official_vbench/consisid_official_vbench_v1_single_20260705_155651_shard01/consisid_official_vbench_v1/ovb0413_consisid_official_vbench_v1_0.mp4,consisid,ovb0413,consisid,s207,
data/generated_official_vbench/consisid_official_vbench_v1_single_20260705_155651_shard01/consisid_official_vbench_v1/ovb0415_consisid_official_vbench_v1_0.mp4,consisid,ovb0415,consisid,s208,
data/generated_official_vbench/consisid_official_vbench_v1_single_20260705_155651_shard01/consisid_official_vbench_v1/ovb0417_consisid_official_vbench_v1_0.mp4,consisid,ovb0417,consisid,s209,
data/generated_official_vbench/consisid_official_vbench_v1_single_20260705_155651_shard01/consisid_official_vbench_v1/ovb0419_consisid_official_vbench_v1_0.mp4,consisid,ovb0419,consisid,s210,
data/generated_official_vbench/consisid_official_vbench_v1_single_20260705_155651_shard01/consisid_official_vbench_v1/ovb0421_consisid_official_vbench_v1_0.mp4,consisid,ovb0421,consisid,s211,
data/generated_official_vbench/consisid_official_vbench_v1_single_20260705_155651_shard01/consisid_official_vbench_v1/ovb0423_consisid_official_vbench_v1_0.mp4,consisid,ovb0423,consisid,s212,
data/generated_official_vbench/consisid_official_vbench_v1_single_20260705_155651_shard01/consisid_official_vbench_v1/ovb0425_consisid_official_vbench_v1_0.mp4,consisid,ovb0425,consisid,s213,
data/generated_official_vbench/consisid_official_vbench_v1_single_20260705_155651_shard01/consisid_official_vbench_v1/ovb0427_consisid_official_vbench_v1_0.mp4,consisid,ovb0427,consisid,s214,
data/generated_official_vbench/consisid_official_vbench_v1_single_20260705_155651_shard01/consisid_official_vbench_v1/ovb0429_consisid_official_vbench_v1_0.mp4,consisid,ovb0429,consisid,s215,
data/generated_official_vbench/consisid_official_vbench_v1_single_20260705_155651_shard01/consisid_official_vbench_v1/ovb0431_consisid_official_vbench_v1_0.mp4,consisid,ovb0431,consisid,s216,
data/generated_official_vbench/consisid_official_vbench_v1_single_20260705_155651_shard01/consisid_official_vbench_v1/ovb0433_consisid_official_vbench_v1_0.mp4,consisid,ovb0433,consisid,s217,
data/generated_official_vbench/consisid_official_vbench_v1_single_20260705_155651_shard01/consisid_official_vbench_v1/ovb0435_consisid_official_vbench_v1_0.mp4,consisid,ovb0435,consisid,s218,
data/generated_official_vbench/consisid_official_vbench_v1_single_20260705_155651_shard01/consisid_official_vbench_v1/ovb0437_consisid_official_vbench_v1_0.mp4,consisid,ovb0437,consisid,s219,
data/generated_official_vbench/consisid_official_vbench_v1_single_20260705_155651_shard01/consisid_official_vbench_v1/ovb0439_consisid_official_vbench_v1_0.mp4,consisid,ovb0439,consisid,s220,
data/generated_official_vbench/consisid_official_vbench_v1_single_20260705_155651_shard01/consisid_official_vbench_v1/ovb0441_consisid_official_vbench_v1_0.mp4,consisid,ovb0441,consisid,s221,
data/generated_official_vbench/consisid_official_vbench_v1_single_20260705_155651_shard01/consisid_official_vbench_v1/ovb0443_consisid_official_vbench_v1_0.mp4,consisid,ovb0443,consisid,s222,
data/generated_official_vbench/consisid_official_vbench_v1_single_20260705_155651_shard01/consisid_official_vbench_v1/ovb0445_consisid_official_vbench_v1_0.mp4,consisid,ovb0445,consisid,s223,
data/generated_official_vbench/consisid_official_vbench_v1_single_20260705_155651_shard01/consisid_official_vbench_v1/ovb0447_consisid_official_vbench_v1_0.mp4,consisid,ovb0447,consisid,s224,
data/generated_official_vbench/consisid_official_vbench_v1_single_20260705_155651_shard01/consisid_official_vbench_v1/ovb0449_consisid_official_vbench_v1_0.mp4,consisid,ovb0449,consisid,s225,
data/generated_official_vbench/consisid_official_vbench_v1_single_20260705_155651_shard01/consisid_official_vbench_v1/ovb0451_consisid_official_vbench_v1_0.mp4,consisid,ovb0451,consisid,s226,
data/generated_official_vbench/consisid_official_vbench_v1_single_20260705_155651_shard01/consisid_official_vbench_v1/ovb0453_consisid_official_vbench_v1_0.mp4,consisid,ovb0453,consisid,s227,
data/generated_official_vbench/consisid_official_vbench_v1_single_20260705_155651_shard01/consisid_official_vbench_v1/ovb0455_consisid_official_vbench_v1_0.mp4,consisid,ovb0455,consisid,s228,
data/generated_official_vbench/consisid_official_vbench_v1_single_20260705_155651_shard01/consisid_official_vbench_v1/ovb0457_consisid_official_vbench_v1_0.mp4,consisid,ovb0457,consisid,s229,
data/generated_official_vbench/consisid_official_vbench_v1_single_20260705_155651_shard01/consisid_official_vbench_v1/ovb0459_consisid_official_vbench_v1_0.mp4,consisid,ovb0459,consisid,s230,
data/generated_official_vbench/consisid_official_vbench_v1_single_20260705_155651_shard01/consisid_official_vbench_v1/ovb0461_consisid_official_vbench_v1_0.mp4,consisid,ovb0461,consisid,s231,
data/generated_official_vbench/consisid_official_vbench_v1_single_20260705_155651_shard01/consisid_official_vbench_v1/ovb0463_consisid_official_vbench_v1_0.mp4,consisid,ovb0463,consisid,s232,
data/generated_official_vbench/consisid_official_vbench_v1_single_20260705_155651_shard01/consisid_official_vbench_v1/ovb0465_consisid_official_vbench_v1_0.mp4,consisid,ovb0465,consisid,s233,
data/generated_official_vbench/consisid_official_vbench_v1_single_20260705_155651_shard01/consisid_official_vbench_v1/ovb0467_consisid_official_vbench_v1_0.mp4,consisid,ovb0467,consisid,s234,
data/generated_official_vbench/consisid_official_vbench_v1_single_20260705_155651_shard01/consisid_official_vbench_v1/ovb0469_consisid_official_vbench_v1_0.mp4,consisid,ovb0469,consisid,s235,
data/generated_official_vbench/consisid_official_vbench_v1_single_20260705_155651_shard01/consisid_official_vbench_v1/ovb0471_consisid_official_vbench_v1_0.mp4,consisid,ovb0471,consisid,s236,
data/generated_official_vbench/consisid_official_vbench_v1_single_20260705_155651_shard01/consisid_official_vbench_v1/ovb0473_consisid_official_vbench_v1_0.mp4,consisid,ovb0473,consisid,s237,
data/generated_official_vbench/consisid_official_vbench_v1_single_20260705_155651_shard01/consisid_official_vbench_v1/ovb0475_consisid_official_vbench_v1_0.mp4,consisid,ovb0475,consisid,s238,
data/generated_official_vbench/consisid_official_vbench_v1_single_20260705_155651_shard01/consisid_official_vbench_v1/ovb0477_consisid_official_vbench_v1_0.mp4,consisid,ovb0477,consisid,s239,
data/generated_official_vbench/consisid_official_vbench_v1_single_20260705_155651_shard01/consisid_official_vbench_v1/ovb0479_consisid_official_vbench_v1_0.mp4,consisid,ovb0479,consisid,s240,
data/generated_official_vbench/consisid_official_vbench_v1_single_20260705_155651_shard01/consisid_official_vbench_v1/ovb0481_consisid_official_vbench_v1_0.mp4,consisid,ovb0481,consisid,s241,
data/generated_official_vbench/consisid_official_vbench_v1_single_20260705_155651_shard01/consisid_official_vbench_v1/ovb0483_consisid_official_vbench_v1_0.mp4,consisid,ovb0483,consisid,s242,
data/generated_official_vbench/consisid_official_vbench_v1_single_20260705_155651_shard01/consisid_official_vbench_v1/ovb0485_consisid_official_vbench_v1_0.mp4,consisid,ovb0485,consisid,s243,
data/generated_official_vbench/consisid_official_vbench_v1_single_20260705_155651_shard01/consisid_official_vbench_v1/ovb0487_consisid_official_vbench_v1_0.mp4,consisid,ovb0487,consisid,s244,
data/generated_official_vbench/consisid_official_vbench_v1_single_20260705_155651_shard01/consisid_official_vbench_v1/ovb0489_consisid_official_vbench_v1_0.mp4,consisid,ovb0489,consisid,s245,
data/generated_official_vbench/consisid_official_vbench_v1_single_20260705_155651_shard01/consisid_official_vbench_v1/ovb0491_consisid_official_vbench_v1_0.mp4,consisid,ovb0491,consisid,s246,
data/generated_official_vbench/consisid_official_vbench_v1_single_20260705_155651_shard01/consisid_official_vbench_v1/ovb0493_consisid_official_vbench_v1_0.mp4,consisid,ovb0493,consisid,s247,
data/generated_official_vbench/consisid_official_vbench_v1_single_20260705_155651_shard01/consisid_official_vbench_v1/ovb0495_consisid_official_vbench_v1_0.mp4,consisid,ovb0495,consisid,s248,
data/generated_official_vbench/consisid_official_vbench_v1_single_20260705_155651_shard01/consisid_official_vbench_v1/ovb0497_consisid_official_vbench_v1_0.mp4,consisid,ovb0497,consisid,s249,
data/generated_official_vbench/consisid_official_vbench_v1_single_20260705_155651_shard01/consisid_official_vbench_v1/ovb0499_consisid_official_vbench_v1_0.mp4,consisid,ovb0499,consisid,s250,
data/generated_official_vbench/consisid_official_vbench_v1_single_20260705_155651_shard01/consisid_official_vbench_v1/ovb0501_consisid_official_vbench_v1_0.mp4,consisid,ovb0501,consisid,s251,
data/generated_official_vbench/consisid_official_vbench_v1_single_20260705_155651_shard01/consisid_official_vbench_v1/ovb0503_consisid_official_vbench_v1_0.mp4,consisid,ovb0503,consisid,s252,
data/generated_official_vbench/consisid_official_vbench_v1_single_20260705_155651_shard01/consisid_official_vbench_v1/ovb0505_consisid_official_vbench_v1_0.mp4,consisid,ovb0505,consisid,s253,
data/generated_official_vbench/consisid_official_vbench_v1_single_20260705_155651_shard01/consisid_official_vbench_v1/ovb0507_consisid_official_vbench_v1_0.mp4,consisid,ovb0507,consisid,s254,
data/generated_official_vbench/consisid_official_vbench_v1_single_20260705_155651_shard01/consisid_official_vbench_v1/ovb0509_consisid_official_vbench_v1_0.mp4,consisid,ovb0509,consisid,s255,
data/generated_official_vbench/consisid_official_vbench_v1_single_20260705_155651_shard01/consisid_official_vbench_v1/ovb0511_consisid_official_vbench_v1_0.mp4,consisid,ovb0511,consisid,s256,
data/generated_official_vbench/consisid_official_vbench_v1_single_20260705_155651_shard01/consisid_official_vbench_v1/ovb0513_consisid_official_vbench_v1_0.mp4,consisid,ovb0513,consisid,s257,
data/generated_official_vbench/consisid_official_vbench_v1_single_20260705_155651_shard01/consisid_official_vbench_v1/ovb0515_consisid_official_vbench_v1_0.mp4,consisid,ovb0515,consisid,s258,
data/generated_official_vbench/consisid_official_vbench_v1_single_20260705_155651_shard01/consisid_official_vbench_v1/ovb0517_consisid_official_vbench_v1_0.mp4,consisid,ovb0517,consisid,s259,
data/generated_official_vbench/consisid_official_vbench_v1_single_20260705_155651_shard01/consisid_official_vbench_v1/ovb0519_consisid_official_vbench_v1_0.mp4,consisid,ovb0519,consisid,s260,
data/generated_official_vbench/consisid_official_vbench_v1_single_20260705_155651_shard01/consisid_official_vbench_v1/ovb0521_consisid_official_vbench_v1_0.mp4,consisid,ovb0521,consisid,s261,
data/generated_official_vbench/consisid_official_vbench_v1_single_20260705_155651_shard01/consisid_official_vbench_v1/ovb0523_consisid_official_vbench_v1_0.mp4,consisid,ovb0523,consisid,s262,
data/generated_official_vbench/consisid_official_vbench_v1_single_20260705_155651_shard01/consisid_official_vbench_v1/ovb0525_consisid_official_vbench_v1_0.mp4,consisid,ovb0525,consisid,s263,
data/generated_official_vbench/consisid_official_vbench_v1_single_20260705_155651_shard01/consisid_official_vbench_v1/ovb0527_consisid_official_vbench_v1_0.mp4,consisid,ovb0527,consisid,s264,
data/generated_official_vbench/consisid_official_vbench_v1_single_20260705_155651_shard01/consisid_official_vbench_v1/ovb0529_consisid_official_vbench_v1_0.mp4,consisid,ovb0529,consisid,s265,
data/generated_official_vbench/consisid_official_vbench_v1_single_20260705_155651_shard01/consisid_official_vbench_v1/ovb0531_consisid_official_vbench_v1_0.mp4,consisid,ovb0531,consisid,s266,
data/generated_official_vbench/consisid_official_vbench_v1_single_20260705_155651_shard01/consisid_official_vbench_v1/ovb0533_consisid_official_vbench_v1_0.mp4,consisid,ovb0533,consisid,s267,
data/generated_official_vbench/consisid_official_vbench_v1_single_20260705_155651_shard01/consisid_official_vbench_v1/ovb0535_consisid_official_vbench_v1_0.mp4,consisid,ovb0535,consisid,s268,
data/generated_official_vbench/consisid_official_vbench_v1_single_20260705_155651_shard01/consisid_official_vbench_v1/ovb0537_consisid_official_vbench_v1_0.mp4,consisid,ovb0537,consisid,s269,
data/generated_official_vbench/consisid_official_vbench_v1_single_20260705_155651_shard01/consisid_official_vbench_v1/ovb0539_consisid_official_vbench_v1_0.mp4,consisid,ovb0539,consisid,s270,
data/generated_official_vbench/consisid_official_vbench_v1_single_20260705_155651_shard01/consisid_official_vbench_v1/ovb0541_consisid_official_vbench_v1_0.mp4,consisid,ovb0541,consisid,s271,
data/generated_official_vbench/consisid_official_vbench_v1_single_20260705_155651_shard01/consisid_official_vbench_v1/ovb0543_consisid_official_vbench_v1_0.mp4,consisid,ovb0543,consisid,s272,
data/generated_official_vbench/consisid_official_vbench_v1_single_20260705_155651_shard01/consisid_official_vbench_v1/ovb0545_consisid_official_vbench_v1_0.mp4,consisid,ovb0545,consisid,s273,
data/generated_official_vbench/consisid_official_vbench_v1_single_20260705_155651_shard01/consisid_official_vbench_v1/ovb0547_consisid_official_vbench_v1_0.mp4,consisid,ovb0547,consisid,s274,
data/generated_official_vbench/consisid_official_vbench_v1_single_20260705_155651_shard01/consisid_official_vbench_v1/ovb0549_consisid_official_vbench_v1_0.mp4,consisid,ovb0549,consisid,s275,
data/generated_official_vbench/consisid_official_vbench_v1_single_20260705_155651_shard01/consisid_official_vbench_v1/ovb0551_consisid_official_vbench_v1_0.mp4,consisid,ovb0551,consisid,s276,
data/generated_official_vbench/consisid_official_vbench_v1_single_20260705_155651_shard01/consisid_official_vbench_v1/ovb0553_consisid_official_vbench_v1_0.mp4,consisid,ovb0553,consisid,s277,
data/generated_official_vbench/consisid_official_vbench_v1_single_20260705_155651_shard01/consisid_official_vbench_v1/ovb0555_consisid_official_vbench_v1_0.mp4,consisid,ovb0555,consisid,s278,
data/generated_official_vbench/consisid_official_vbench_v1_single_20260705_155651_shard01/consisid_official_vbench_v1/ovb0557_consisid_official_vbench_v1_0.mp4,consisid,ovb0557,consisid,s279,
data/generated_official_vbench/consisid_official_vbench_v1_single_20260705_155651_shard01/consisid_official_vbench_v1/ovb0559_consisid_official_vbench_v1_0.mp4,consisid,ovb0559,consisid,s280,
data/generated_official_vbench/consisid_official_vbench_v1_single_20260705_155651_shard01/consisid_official_vbench_v1/ovb0561_consisid_official_vbench_v1_0.mp4,consisid,ovb0561,consisid,s281,
data/generated_official_vbench/consisid_official_vbench_v1_single_20260705_155651_shard01/consisid_official_vbench_v1/ovb0563_consisid_official_vbench_v1_0.mp4,consisid,ovb0563,consisid,s282,
data/generated_official_vbench/consisid_official_vbench_v1_single_20260705_155651_shard01/consisid_official_vbench_v1/ovb0565_consisid_official_vbench_v1_0.mp4,consisid,ovb0565,consisid,s283,
data/generated_official_vbench/consisid_official_vbench_v1_single_20260705_155651_shard01/consisid_official_vbench_v1/ovb0567_consisid_official_vbench_v1_0.mp4,consisid,ovb0567,consisid,s284,
data/generated_official_vbench/consisid_official_vbench_v1_single_20260705_155651_shard01/consisid_official_vbench_v1/ovb0569_consisid_official_vbench_v1_0.mp4,consisid,ovb0569,consisid,s285,
data/generated_official_vbench/consisid_official_vbench_v1_single_20260705_155651_shard01/consisid_official_vbench_v1/ovb0571_consisid_official_vbench_v1_0.mp4,consisid,ovb0571,consisid,s286,
data/generated_official_vbench/consisid_official_vbench_v1_single_20260705_155651_shard01/consisid_official_vbench_v1/ovb0573_consisid_official_vbench_v1_0.mp4,consisid,ovb0573,consisid,s287,
data/generated_official_vbench/consisid_official_vbench_v1_single_20260705_155651_shard01/consisid_official_vbench_v1/ovb0575_consisid_official_vbench_v1_0.mp4,consisid,ovb0575,consisid,s288,
data/generated_official_vbench/consisid_official_vbench_v1_single_20260705_155651_shard01/consisid_official_vbench_v1/ovb0577_consisid_official_vbench_v1_0.mp4,consisid,ovb0577,consisid,s289,
data/generated_official_vbench/consisid_official_vbench_v1_single_20260705_155651_shard01/consisid_official_vbench_v1/ovb0579_consisid_official_vbench_v1_0.mp4,consisid,ovb0579,consisid,s290,
data/generated_official_vbench/consisid_official_vbench_v1_single_20260705_155651_shard01/consisid_official_vbench_v1/ovb0581_consisid_official_vbench_v1_0.mp4,consisid,ovb0581,consisid,s291,
data/generated_official_vbench/consisid_official_vbench_v1_single_20260705_155651_shard01/consisid_official_vbench_v1/ovb0583_consisid_official_vbench_v1_0.mp4,consisid,ovb0583,consisid,s292,
data/generated_official_vbench/consisid_official_vbench_v1_single_20260705_155651_shard01/consisid_official_vbench_v1/ovb0585_consisid_official_vbench_v1_0.mp4,consisid,ovb0585,consisid,s293,
data/generated_official_vbench/consisid_official_vbench_v1_single_20260705_155651_shard01/consisid_official_vbench_v1/ovb0587_consisid_official_vbench_v1_0.mp4,consisid,ovb0587,consisid,s294,
data/generated_official_vbench/consisid_official_vbench_v1_single_20260705_155651_shard01/consisid_official_vbench_v1/ovb0589_consisid_official_vbench_v1_0.mp4,consisid,ovb0589,consisid,s295,
data/generated_official_vbench/consisid_official_vbench_v1_single_20260705_155651_shard01/consisid_official_vbench_v1/ovb0591_consisid_official_vbench_v1_0.mp4,consisid,ovb0591,consisid,s296,
data/generated_official_vbench/consisid_official_vbench_v1_single_20260705_155651_shard01/consisid_official_vbench_v1/ovb0593_consisid_official_vbench_v1_0.mp4,consisid,ovb0593,consisid,s297,
data/generated_official_vbench/consisid_official_vbench_v1_single_20260705_155651_shard01/consisid_official_vbench_v1/ovb0595_consisid_official_vbench_v1_0.mp4,consisid,ovb0595,consisid,s298,
data/generated_official_vbench/consisid_official_vbench_v1_single_20260705_155651_shard01/consisid_official_vbench_v1/ovb0597_consisid_official_vbench_v1_0.mp4,consisid,ovb0597,consisid,s299,
data/generated_official_vbench/consisid_official_vbench_v1_single_20260705_155651_shard01/consisid_official_vbench_v1/ovb0599_consisid_official_vbench_v1_0.mp4,consisid,ovb0599,consisid,s300,
data/generated_official_vbench/consisid_official_vbench_v1_single_20260705_155651_shard01/consisid_official_vbench_v1/ovb0601_consisid_official_vbench_v1_0.mp4,consisid,ovb0601,consisid,s301,
data/generated_official_vbench/consisid_official_vbench_v1_single_20260705_155651_shard01/consisid_official_vbench_v1/ovb0603_consisid_official_vbench_v1_0.mp4,consisid,ovb0603,consisid,s302,
data/generated_official_vbench/consisid_official_vbench_v1_single_20260705_155651_shard01/consisid_official_vbench_v1/ovb0605_consisid_official_vbench_v1_0.mp4,consisid,ovb0605,consisid,s303,
data/generated_official_vbench/consisid_official_vbench_v1_single_20260705_155651_shard01/consisid_official_vbench_v1/ovb0607_consisid_official_vbench_v1_0.mp4,consisid,ovb0607,consisid,s304,
data/generated_official_vbench/consisid_official_vbench_v1_single_20260705_155651_shard01/consisid_official_vbench_v1/ovb0609_consisid_official_vbench_v1_0.mp4,consisid,ovb0609,consisid,s305,
data/generated_official_vbench/consisid_official_vbench_v1_single_20260705_155651_shard01/consisid_official_vbench_v1/ovb0611_consisid_official_vbench_v1_0.mp4,consisid,ovb0611,consisid,s306,
data/generated_official_vbench/consisid_official_vbench_v1_single_20260705_155651_shard01/consisid_official_vbench_v1/ovb0613_consisid_official_vbench_v1_0.mp4,consisid,ovb0613,consisid,s307,
data/generated_official_vbench/consisid_official_vbench_v1_single_20260705_155651_shard01/consisid_official_vbench_v1/ovb0615_consisid_official_vbench_v1_0.mp4,consisid,ovb0615,consisid,s308,
data/generated_official_vbench/consisid_official_vbench_v1_single_20260705_155651_shard01/consisid_official_vbench_v1/ovb0617_consisid_official_vbench_v1_0.mp4,consisid,ovb0617,consisid,s309,
data/generated_official_vbench/consisid_official_vbench_v1_single_20260705_155651_shard01/consisid_official_vbench_v1/ovb0619_consisid_official_vbench_v1_0.mp4,consisid,ovb0619,consisid,s310,
data/generated_official_vbench/consisid_official_vbench_v1_single_20260705_155651_shard01/consisid_official_vbench_v1/ovb0621_consisid_official_vbench_v1_0.mp4,consisid,ovb0621,consisid,s311,
data/generated_official_vbench/consisid_official_vbench_v1_single_20260705_155651_shard01/consisid_official_vbench_v1/ovb0623_consisid_official_vbench_v1_0.mp4,consisid,ovb0623,consisid,s312,
data/generated_official_vbench/consisid_official_vbench_v1_single_20260705_155651_shard01/consisid_official_vbench_v1/ovb0625_consisid_official_vbench_v1_0.mp4,consisid,ovb0625,consisid,s313,
data/generated_official_vbench/consisid_official_vbench_v1_single_20260705_155651_shard01/consisid_official_vbench_v1/ovb0627_consisid_official_vbench_v1_0.mp4,consisid,ovb0627,consisid,s314,
data/generated_official_vbench/consisid_official_vbench_v1_single_20260705_155651_shard01/consisid_official_vbench_v1/ovb0629_consisid_official_vbench_v1_0.mp4,consisid,ovb0629,consisid,s315,
data/generated_official_vbench/consisid_official_vbench_v1_single_20260705_155651_shard01/consisid_official_vbench_v1/ovb0631_consisid_official_vbench_v1_0.mp4,consisid,ovb0631,consisid,s316,
data/generated_official_vbench/consisid_official_vbench_v1_single_20260705_155651_shard01/consisid_official_vbench_v1/ovb0633_consisid_official_vbench_v1_0.mp4,consisid,ovb0633,consisid,s317,
data/generated_official_vbench/consisid_official_vbench_v1_single_20260705_155651_shard01/consisid_official_vbench_v1/ovb0635_consisid_official_vbench_v1_0.mp4,consisid,ovb0635,consisid,s318,
data/generated_official_vbench/consisid_official_vbench_v1_single_20260705_155651_shard01/consisid_official_vbench_v1/ovb0637_consisid_official_vbench_v1_0.mp4,consisid,ovb0637,consisid,s319,
data/generated_official_vbench/consisid_official_vbench_v1_single_20260705_155651_shard01/consisid_official_vbench_v1/ovb0639_consisid_official_vbench_v1_0.mp4,consisid,ovb0639,consisid,s320,
data/generated_official_vbench/consisid_official_vbench_v1_single_20260705_155651_shard01/consisid_official_vbench_v1/ovb0641_consisid_official_vbench_v1_0.mp4,consisid,ovb0641,consisid,s321,
data/generated_official_vbench/consisid_official_vbench_v1_single_20260705_155651_shard01/consisid_official_vbench_v1/ovb0643_consisid_official_vbench_v1_0.mp4,consisid,ovb0643,consisid,s322,
data/generated_official_vbench/consisid_official_vbench_v1_single_20260705_155651_shard01/consisid_official_vbench_v1/ovb0645_consisid_official_vbench_v1_0.mp4,consisid,ovb0645,consisid,s323,
data/generated_official_vbench/consisid_official_vbench_v1_single_20260705_155651_shard01/consisid_official_vbench_v1/ovb0647_consisid_official_vbench_v1_0.mp4,consisid,ovb0647,consisid,s324,
data/generated_official_vbench/consisid_official_vbench_v1_single_20260705_155651_shard01/consisid_official_vbench_v1/ovb0649_consisid_official_vbench_v1_0.mp4,consisid,ovb0649,consisid,s325,
data/generated_official_vbench/consisid_official_vbench_v1_single_20260705_155651_shard01/consisid_official_vbench_v1/ovb0651_consisid_official_vbench_v1_0.mp4,consisid,ovb0651,consisid,s326,
data/generated_official_vbench/consisid_official_vbench_v1_single_20260705_155651_shard01/consisid_official_vbench_v1/ovb0653_consisid_official_vbench_v1_0.mp4,consisid,ovb0653,consisid,s327,
data/generated_official_vbench/consisid_official_vbench_v1_single_20260705_155651_shard01/consisid_official_vbench_v1/ovb0655_consisid_official_vbench_v1_0.mp4,consisid,ovb0655,consisid,s328,
data/generated_official_vbench/consisid_official_vbench_v1_single_20260705_155651_shard01/consisid_official_vbench_v1/ovb0657_consisid_official_vbench_v1_0.mp4,consisid,ovb0657,consisid,s329,
data/generated_official_vbench/consisid_official_vbench_v1_single_20260705_155651_shard01/consisid_official_vbench_v1/ovb0659_consisid_official_vbench_v1_0.mp4,consisid,ovb0659,consisid,s330,
data/generated_official_vbench/consisid_official_vbench_v1_single_20260705_155651_shard01/consisid_official_vbench_v1/ovb0661_consisid_official_vbench_v1_0.mp4,consisid,ovb0661,consisid,s331,
data/generated_official_vbench/consisid_official_vbench_v1_single_20260705_155651_shard01/consisid_official_vbench_v1/ovb0663_consisid_official_vbench_v1_0.mp4,consisid,ovb0663,consisid,s332,
data/generated_official_vbench/consisid_official_vbench_v1_single_20260705_155651_shard01/consisid_official_vbench_v1/ovb0665_consisid_official_vbench_v1_0.mp4,consisid,ovb0665,consisid,s333,
data/generated_official_vbench/consisid_official_vbench_v1_single_20260705_155651_shard01/consisid_official_vbench_v1/ovb0667_consisid_official_vbench_v1_0.mp4,consisid,ovb0667,consisid,s334,
data/generated_official_vbench/consisid_official_vbench_v1_single_20260705_155651_shard01/consisid_official_vbench_v1/ovb0669_consisid_official_vbench_v1_0.mp4,consisid,ovb0669,consisid,s335,
data/generated_official_vbench/consisid_official_vbench_v1_single_20260705_155651_shard01/consisid_official_vbench_v1/ovb0671_consisid_official_vbench_v1_0.mp4,consisid,ovb0671,consisid,s336,
data/generated_official_vbench/consisid_official_vbench_v1_single_20260705_155651_shard01/consisid_official_vbench_v1/ovb0673_consisid_official_vbench_v1_0.mp4,consisid,ovb0673,consisid,s337,
data/generated_official_vbench/consisid_official_vbench_v1_single_20260705_155651_shard01/consisid_official_vbench_v1/ovb0675_consisid_official_vbench_v1_0.mp4,consisid,ovb0675,consisid,s338,
data/generated_official_vbench/consisid_official_vbench_v1_single_20260705_155651_shard01/consisid_official_vbench_v1/ovb0677_consisid_official_vbench_v1_0.mp4,consisid,ovb0677,consisid,s339,
data/generated_official_vbench/consisid_official_vbench_v1_single_20260705_155651_shard01/consisid_official_vbench_v1/ovb0679_consisid_official_vbench_v1_0.mp4,consisid,ovb0679,consisid,s340,
data/generated_official_vbench/consisid_official_vbench_v1_single_20260705_155651_shard01/consisid_official_vbench_v1/ovb0681_consisid_official_vbench_v1_0.mp4,consisid,ovb0681,consisid,s341,
data/generated_official_vbench/consisid_official_vbench_v1_single_20260705_155651_shard01/consisid_official_vbench_v1/ovb0683_consisid_official_vbench_v1_0.mp4,consisid,ovb0683,consisid,s342,
data/generated_official_vbench/consisid_official_vbench_v1_single_20260705_155651_shard01/consisid_official_vbench_v1/ovb0685_consisid_official_vbench_v1_0.mp4,consisid,ovb0685,consisid,s343,
data/generated_official_vbench/consisid_official_vbench_v1_single_20260705_155651_shard01/consisid_official_vbench_v1/ovb0687_consisid_official_vbench_v1_0.mp4,consisid,ovb0687,consisid,s344,
data/generated_official_vbench/consisid_official_vbench_v1_single_20260705_155651_shard01/consisid_official_vbench_v1/ovb0689_consisid_official_vbench_v1_0.mp4,consisid,ovb0689,consisid,s345,
data/generated_official_vbench/consisid_official_vbench_v1_single_20260705_155651_shard01/consisid_official_vbench_v1/ovb0691_consisid_official_vbench_v1_0.mp4,consisid,ovb0691,consisid,s346,
data/generated_official_vbench/consisid_official_vbench_v1_single_20260705_155651_shard01/consisid_official_vbench_v1/ovb0693_consisid_official_vbench_v1_0.mp4,consisid,ovb0693,consisid,s347,
data/generated_official_vbench/consisid_official_vbench_v1_single_20260705_155651_shard01/consisid_official_vbench_v1/ovb0695_consisid_official_vbench_v1_0.mp4,consisid,ovb0695,consisid,s348,
data/generated_official_vbench/consisid_official_vbench_v1_single_20260705_155651_shard01/consisid_official_vbench_v1/ovb0697_consisid_official_vbench_v1_0.mp4,consisid,ovb0697,consisid,s349,
data/generated_official_vbench/consisid_official_vbench_v1_single_20260705_155651_shard01/consisid_official_vbench_v1/ovb0699_consisid_official_vbench_v1_0.mp4,consisid,ovb0699,consisid,s350,
data/generated_official_vbench/consisid_official_vbench_v1_single_20260705_155651_shard01/consisid_official_vbench_v1/ovb0701_consisid_official_vbench_v1_0.mp4,consisid,ovb0701,consisid,s351,
data/generated_official_vbench/consisid_official_vbench_v1_single_20260705_155651_shard01/consisid_official_vbench_v1/ovb0703_consisid_official_vbench_v1_0.mp4,consisid,ovb0703,consisid,s352,
data/generated_official_vbench/consisid_official_vbench_v1_single_20260705_155651_shard01/consisid_official_vbench_v1/ovb0705_consisid_official_vbench_v1_0.mp4,consisid,ovb0705,consisid,s353,
data/generated_official_vbench/consisid_official_vbench_v1_single_20260705_155651_shard01/consisid_official_vbench_v1/ovb0707_consisid_official_vbench_v1_0.mp4,consisid,ovb0707,consisid,s354,
data/generated_official_vbench/consisid_official_vbench_v1_single_20260705_155651_shard01/consisid_official_vbench_v1/ovb0709_consisid_official_vbench_v1_0.mp4,consisid,ovb0709,consisid,s355,
data/generated_official_vbench/consisid_official_vbench_v1_single_20260705_155651_shard01/consisid_official_vbench_v1/ovb0711_consisid_official_vbench_v1_0.mp4,consisid,ovb0711,consisid,s356,
data/generated_official_vbench/consisid_official_vbench_v1_single_20260705_155651_shard01/consisid_official_vbench_v1/ovb0713_consisid_official_vbench_v1_0.mp4,consisid,ovb0713,consisid,s357,
data/generated_official_vbench/consisid_official_vbench_v1_single_20260705_155651_shard01/consisid_official_vbench_v1/ovb0715_consisid_official_vbench_v1_0.mp4,consisid,ovb0715,consisid,s358,
data/generated_official_vbench/consisid_official_vbench_v1_single_20260705_155651_shard01/consisid_official_vbench_v1/ovb0717_consisid_official_vbench_v1_0.mp4,consisid,ovb0717,consisid,s359,
data/generated_official_vbench/consisid_official_vbench_v1_single_20260705_155651_shard01/consisid_official_vbench_v1/ovb0719_consisid_official_vbench_v1_0.mp4,consisid,ovb0719,consisid,s360,
data/generated_official_vbench/consisid_official_vbench_v1_single_20260705_155651_shard01/consisid_official_vbench_v1/ovb0721_consisid_official_vbench_v1_0.mp4,consisid,ovb0721,consisid,s361,
data/generated_official_vbench/consisid_official_vbench_v1_single_20260705_155651_shard01/consisid_official_vbench_v1/ovb0723_consisid_official_vbench_v1_0.mp4,consisid,ovb0723,consisid,s362,
data/generated_official_vbench/consisid_official_vbench_v1_single_20260705_155651_shard01/consisid_official_vbench_v1/ovb0725_consisid_official_vbench_v1_0.mp4,consisid,ovb0725,consisid,s363,
data/generated_official_vbench/consisid_official_vbench_v1_single_20260705_155651_shard01/consisid_official_vbench_v1/ovb0727_consisid_official_vbench_v1_0.mp4,consisid,ovb0727,consisid,s364,
data/generated_official_vbench/consisid_official_vbench_v1_single_20260705_155651_shard01/consisid_official_vbench_v1/ovb0729_consisid_official_vbench_v1_0.mp4,consisid,ovb0729,consisid,s365,
data/generated_official_vbench/consisid_official_vbench_v1_single_20260705_155651_shard01/consisid_official_vbench_v1/ovb0731_consisid_official_vbench_v1_0.mp4,consisid,ovb0731,consisid,s366,
data/generated_official_vbench/consisid_official_vbench_v1_single_20260705_155651_shard01/consisid_official_vbench_v1/ovb0733_consisid_official_vbench_v1_0.mp4,consisid,ovb0733,consisid,s367,
data/generated_official_vbench/consisid_official_vbench_v1_single_20260705_155651_shard01/consisid_official_vbench_v1/ovb0735_consisid_official_vbench_v1_0.mp4,consisid,ovb0735,consisid,s368,
data/generated_official_vbench/consisid_official_vbench_v1_single_20260705_155651_shard01/consisid_official_vbench_v1/ovb0737_consisid_official_vbench_v1_0.mp4,consisid,ovb0737,consisid,s369,
data/generated_official_vbench/consisid_official_vbench_v1_single_20260705_155651_shard01/consisid_official_vbench_v1/ovb0739_consisid_official_vbench_v1_0.mp4,consisid,ovb0739,consisid,s370,
data/generated_official_vbench/consisid_official_vbench_v1_single_20260705_155651_shard01/consisid_official_vbench_v1/ovb0741_consisid_official_vbench_v1_0.mp4,consisid,ovb0741,consisid,s371,
data/generated_official_vbench/consisid_official_vbench_v1_single_20260705_155651_shard01/consisid_official_vbench_v1/ovb0743_consisid_official_vbench_v1_0.mp4,consisid,ovb0743,consisid,s372,
data/generated_official_vbench/consisid_official_vbench_v1_single_20260705_155651_shard01/consisid_official_vbench_v1/ovb0745_consisid_official_vbench_v1_0.mp4,consisid,ovb0745,consisid,s373,
data/generated_official_vbench/consisid_official_vbench_v1_single_20260705_155651_shard01/consisid_official_vbench_v1/ovb0747_consisid_official_vbench_v1_0.mp4,consisid,ovb0747,consisid,s374,
data/generated_official_vbench/consisid_official_vbench_v1_single_20260705_155651_shard01/consisid_official_vbench_v1/ovb0749_consisid_official_vbench_v1_0.mp4,consisid,ovb0749,consisid,s375,
data/generated_official_vbench/consisid_official_vbench_v1_single_20260705_155651_shard01/consisid_official_vbench_v1/ovb0751_consisid_official_vbench_v1_0.mp4,consisid,ovb0751,consisid,s376,
data/generated_official_vbench/consisid_official_vbench_v1_single_20260705_155651_shard01/consisid_official_vbench_v1/ovb0753_consisid_official_vbench_v1_0.mp4,consisid,ovb0753,consisid,s377,
data/generated_official_vbench/consisid_official_vbench_v1_single_20260705_155651_shard01/consisid_official_vbench_v1/ovb0755_consisid_official_vbench_v1_0.mp4,consisid,ovb0755,consisid,s378,
data/generated_official_vbench/consisid_official_vbench_v1_single_20260705_155651_shard01/consisid_official_vbench_v1/ovb0757_consisid_official_vbench_v1_0.mp4,consisid,ovb0757,consisid,s379,
data/generated_official_vbench/consisid_official_vbench_v1_single_20260705_155651_shard01/consisid_official_vbench_v1/ovb0759_consisid_official_vbench_v1_0.mp4,consisid,ovb0759,consisid,s380,
data/generated_official_vbench/consisid_official_vbench_v1_single_20260705_155651_shard01/consisid_official_vbench_v1/ovb0761_consisid_official_vbench_v1_0.mp4,consisid,ovb0761,consisid,s381,
data/generated_official_vbench/consisid_official_vbench_v1_single_20260705_155651_shard01/consisid_official_vbench_v1/ovb0763_consisid_official_vbench_v1_0.mp4,consisid,ovb0763,consisid,s382,
data/generated_official_vbench/consisid_official_vbench_v1_single_20260705_155651_shard01/consisid_official_vbench_v1/ovb0765_consisid_official_vbench_v1_0.mp4,consisid,ovb0765,consisid,s383,
data/generated_official_vbench/consisid_official_vbench_v1_single_20260705_155651_shard01/consisid_official_vbench_v1/ovb0767_consisid_official_vbench_v1_0.mp4,consisid,ovb0767,consisid,s384,
data/generated_official_vbench/consisid_official_vbench_v1_single_20260705_155651_shard01/consisid_official_vbench_v1/ovb0769_consisid_official_vbench_v1_0.mp4,consisid,ovb0769,consisid,s385,
data/generated_official_vbench/consisid_official_vbench_v1_single_20260705_155651_shard01/consisid_official_vbench_v1/ovb0771_consisid_official_vbench_v1_0.mp4,consisid,ovb0771,consisid,s386,
data/generated_official_vbench/consisid_official_vbench_v1_single_20260705_155651_shard01/consisid_official_vbench_v1/ovb0773_consisid_official_vbench_v1_0.mp4,consisid,ovb0773,consisid,s387,
data/generated_official_vbench/consisid_official_vbench_v1_single_20260705_155651_shard01/consisid_official_vbench_v1/ovb0775_consisid_official_vbench_v1_0.mp4,consisid,ovb0775,consisid,s388,
data/generated_official_vbench/consisid_official_vbench_v1_single_20260705_155651_shard01/consisid_official_vbench_v1/ovb0777_consisid_official_vbench_v1_0.mp4,consisid,ovb0777,consisid,s389,
data/generated_official_vbench/consisid_official_vbench_v1_single_20260705_155651_shard01/consisid_official_vbench_v1/ovb0779_consisid_official_vbench_v1_0.mp4,consisid,ovb0779,consisid,s390,
data/generated_official_vbench/consisid_official_vbench_v1_single_20260705_155651_shard01/consisid_official_vbench_v1/ovb0781_consisid_official_vbench_v1_0.mp4,consisid,ovb0781,consisid,s391,
data/generated_official_vbench/consisid_official_vbench_v1_single_20260705_155651_shard01/consisid_official_vbench_v1/ovb0783_consisid_official_vbench_v1_0.mp4,consisid,ovb0783,consisid,s392,
data/generated_official_vbench/consisid_official_vbench_v1_single_20260705_155651_shard01/consisid_official_vbench_v1/ovb0785_consisid_official_vbench_v1_0.mp4,consisid,ovb0785,consisid,s393,
data/generated_official_vbench/consisid_official_vbench_v1_single_20260705_155651_shard01/consisid_official_vbench_v1/ovb0787_consisid_official_vbench_v1_0.mp4,consisid,ovb0787,consisid,s394,
data/generated_official_vbench/consisid_official_vbench_v1_single_20260705_155651_shard01/consisid_official_vbench_v1/ovb0789_consisid_official_vbench_v1_0.mp4,consisid,ovb0789,consisid,s395,
data/generated_official_vbench/consisid_official_vbench_v1_single_20260705_155651_shard01/consisid_official_vbench_v1/ovb0791_consisid_official_vbench_v1_0.mp4,consisid,ovb0791,consisid,s396,
data/generated_official_vbench/consisid_official_vbench_v1_single_20260705_155651_shard01/consisid_official_vbench_v1/ovb0793_consisid_official_vbench_v1_0.mp4,consisid,ovb0793,consisid,s397,
data/generated_official_vbench/consisid_official_vbench_v1_single_20260705_155651_shard01/consisid_official_vbench_v1/ovb0795_consisid_official_vbench_v1_0.mp4,consisid,ovb0795,consisid,s398,
data/generated_official_vbench/consisid_official_vbench_v1_single_20260705_155651_shard01/consisid_official_vbench_v1/ovb0797_consisid_official_vbench_v1_0.mp4,consisid,ovb0797,consisid,s399,
data/generated_official_vbench/consisid_official_vbench_v1_single_20260705_155651_shard01/consisid_official_vbench_v1/ovb0799_consisid_official_vbench_v1_0.mp4,consisid,ovb0799,consisid,s400,
data/generated_official_vbench/consisid_official_vbench_v1_single_20260705_155651_shard01/consisid_official_vbench_v1/ovb0801_consisid_official_vbench_v1_0.mp4,consisid,ovb0801,consisid,s401,
data/generated_official_vbench/consisid_official_vbench_v1_single_20260705_155651_shard01/consisid_official_vbench_v1/ovb0803_consisid_official_vbench_v1_0.mp4,consisid,ovb0803,consisid,s402,
data/generated_official_vbench/consisid_official_vbench_v1_single_20260705_155651_shard01/consisid_official_vbench_v1/ovb0805_consisid_official_vbench_v1_0.mp4,consisid,ovb0805,consisid,s403,
data/generated_official_vbench/consisid_official_vbench_v1_single_20260705_155651_shard01/consisid_official_vbench_v1/ovb0807_consisid_official_vbench_v1_0.mp4,consisid,ovb0807,consisid,s404,
data/generated_official_vbench/consisid_official_vbench_v1_single_20260705_155651_shard01/consisid_official_vbench_v1/ovb0809_consisid_official_vbench_v1_0.mp4,consisid,ovb0809,consisid,s405,
data/generated_official_vbench/consisid_official_vbench_v1_single_20260705_155651_shard01/consisid_official_vbench_v1/ovb0811_consisid_official_vbench_v1_0.mp4,consisid,ovb0811,consisid,s406,
data/generated_official_vbench/consisid_official_vbench_v1_single_20260705_155651_shard01/consisid_official_vbench_v1/ovb0813_consisid_official_vbench_v1_0.mp4,consisid,ovb0813,consisid,s407,
data/generated_official_vbench/consisid_official_vbench_v1_single_20260705_155651_shard01/consisid_official_vbench_v1/ovb0815_consisid_official_vbench_v1_0.mp4,consisid,ovb0815,consisid,s408,
data/generated_official_vbench/consisid_official_vbench_v1_single_20260705_155651_shard01/consisid_official_vbench_v1/ovb0817_consisid_official_vbench_v1_0.mp4,consisid,ovb0817,consisid,s409,
data/generated_official_vbench/consisid_official_vbench_v1_single_20260705_155651_shard01/consisid_official_vbench_v1/ovb0819_consisid_official_vbench_v1_0.mp4,consisid,ovb0819,consisid,s410,
data/generated_official_vbench/consisid_official_vbench_v1_single_20260705_155651_shard01/consisid_official_vbench_v1/ovb0821_consisid_official_vbench_v1_0.mp4,consisid,ovb0821,consisid,s411,
data/generated_official_vbench/consisid_official_vbench_v1_single_20260705_155651_shard01/consisid_official_vbench_v1/ovb0823_consisid_official_vbench_v1_0.mp4,consisid,ovb0823,consisid,s412,
data/generated_official_vbench/consisid_official_vbench_v1_single_20260705_155651_shard01/consisid_official_vbench_v1/ovb0825_consisid_official_vbench_v1_0.mp4,consisid,ovb0825,consisid,s413,
data/generated_official_vbench/consisid_official_vbench_v1_single_20260705_155651_shard01/consisid_official_vbench_v1/ovb0827_consisid_official_vbench_v1_0.mp4,consisid,ovb0827,consisid,s414,
data/generated_official_vbench/consisid_official_vbench_v1_single_20260705_155651_shard01/consisid_official_vbench_v1/ovb0829_consisid_official_vbench_v1_0.mp4,consisid,ovb0829,consisid,s415,
data/generated_official_vbench/consisid_official_vbench_v1_single_20260705_155651_shard01/consisid_official_vbench_v1/ovb0831_consisid_official_vbench_v1_0.mp4,consisid,ovb0831,consisid,s416,
data/generated_official_vbench/consisid_official_vbench_v1_single_20260705_155651_shard01/consisid_official_vbench_v1/ovb0833_consisid_official_vbench_v1_0.mp4,consisid,ovb0833,consisid,s417,
data/generated_official_vbench/consisid_official_vbench_v1_single_20260705_155651_shard01/consisid_official_vbench_v1/ovb0835_consisid_official_vbench_v1_0.mp4,consisid,ovb0835,consisid,s418,
data/generated_official_vbench/consisid_official_vbench_v1_single_20260705_155651_shard01/consisid_official_vbench_v1/ovb0837_consisid_official_vbench_v1_0.mp4,consisid,ovb0837,consisid,s419,
data/generated_official_vbench/consisid_official_vbench_v1_single_20260705_155651_shard01/consisid_official_vbench_v1/ovb0839_consisid_official_vbench_v1_0.mp4,consisid,ovb0839,consisid,s420,
data/generated_official_vbench/consisid_official_vbench_v1_single_20260705_155651_shard01/consisid_official_vbench_v1/ovb0841_consisid_official_vbench_v1_0.mp4,consisid,ovb0841,consisid,s421,
data/generated_official_vbench/consisid_official_vbench_v1_single_20260705_155651_shard01/consisid_official_vbench_v1/ovb0843_consisid_official_vbench_v1_0.mp4,consisid,ovb0843,consisid,s422,
data/generated_official_vbench/consisid_official_vbench_v1_single_20260705_155651_shard01/consisid_official_vbench_v1/ovb0845_consisid_official_vbench_v1_0.mp4,consisid,ovb0845,consisid,s423,
data/generated_official_vbench/consisid_official_vbench_v1_single_20260705_155651_shard01/consisid_official_vbench_v1/ovb0847_consisid_official_vbench_v1_0.mp4,consisid,ovb0847,consisid,s424,
data/generated_official_vbench/consisid_official_vbench_v1_single_20260705_155651_shard01/consisid_official_vbench_v1/ovb0849_consisid_official_vbench_v1_0.mp4,consisid,ovb0849,consisid,s425,
data/generated_official_vbench/consisid_official_vbench_v1_single_20260705_155651_shard01/consisid_official_vbench_v1/ovb0851_consisid_official_vbench_v1_0.mp4,consisid,ovb0851,consisid,s426,
data/generated_official_vbench/consisid_official_vbench_v1_single_20260705_155651_shard01/consisid_official_vbench_v1/ovb0853_consisid_official_vbench_v1_0.mp4,consisid,ovb0853,consisid,s427,
data/generated_official_vbench/consisid_official_vbench_v1_single_20260705_155651_shard01/consisid_official_vbench_v1/ovb0855_consisid_official_vbench_v1_0.mp4,consisid,ovb0855,consisid,s428,
data/generated_official_vbench/consisid_official_vbench_v1_single_20260705_155651_shard01/consisid_official_vbench_v1/ovb0857_consisid_official_vbench_v1_0.mp4,consisid,ovb0857,consisid,s429,
data/generated_official_vbench/consisid_official_vbench_v1_single_20260705_155651_shard01/consisid_official_vbench_v1/ovb0859_consisid_official_vbench_v1_0.mp4,consisid,ovb0859,consisid,s430,
data/generated_official_vbench/consisid_official_vbench_v1_single_20260705_155651_shard01/consisid_official_vbench_v1/ovb0861_consisid_official_vbench_v1_0.mp4,consisid,ovb0861,consisid,s431,
data/generated_official_vbench/consisid_official_vbench_v1_single_20260705_155651_shard01/consisid_official_vbench_v1/ovb0863_consisid_official_vbench_v1_0.mp4,consisid,ovb0863,consisid,s432,
data/generated_official_vbench/consisid_official_vbench_v1_single_20260705_155651_shard01/consisid_official_vbench_v1/ovb0865_consisid_official_vbench_v1_0.mp4,consisid,ovb0865,consisid,s433,
data/generated_official_vbench/consisid_official_vbench_v1_single_20260705_155651_shard01/consisid_official_vbench_v1/ovb0867_consisid_official_vbench_v1_0.mp4,consisid,ovb0867,consisid,s434,
data/generated_official_vbench/consisid_official_vbench_v1_single_20260705_155651_shard01/consisid_official_vbench_v1/ovb0869_consisid_official_vbench_v1_0.mp4,consisid,ovb0869,consisid,s435,
data/generated_official_vbench/consisid_official_vbench_v1_single_20260705_155651_shard01/consisid_official_vbench_v1/ovb0871_consisid_official_vbench_v1_0.mp4,consisid,ovb0871,consisid,s436,
data/generated_official_vbench/consisid_official_vbench_v1_single_20260705_155651_shard01/consisid_official_vbench_v1/ovb0873_consisid_official_vbench_v1_0.mp4,consisid,ovb0873,consisid,s437,
data/generated_official_vbench/consisid_official_vbench_v1_single_20260705_155651_shard01/consisid_official_vbench_v1/ovb0875_consisid_official_vbench_v1_0.mp4,consisid,ovb0875,consisid,s438,
data/generated_official_vbench/consisid_official_vbench_v1_single_20260705_155651_shard01/consisid_official_vbench_v1/ovb0877_consisid_official_vbench_v1_0.mp4,consisid,ovb0877,consisid,s439,
data/generated_official_vbench/consisid_official_vbench_v1_single_20260705_155651_shard01/consisid_official_vbench_v1/ovb0879_consisid_official_vbench_v1_0.mp4,consisid,ovb0879,consisid,s440,
data/generated_official_vbench/consisid_official_vbench_v1_single_20260705_155651_shard01/consisid_official_vbench_v1/ovb0881_consisid_official_vbench_v1_0.mp4,consisid,ovb0881,consisid,s441,
data/generated_official_vbench/consisid_official_vbench_v1_single_20260705_155651_shard01/consisid_official_vbench_v1/ovb0883_consisid_official_vbench_v1_0.mp4,consisid,ovb0883,consisid,s442,
data/generated_official_vbench/consisid_official_vbench_v1_single_20260705_155651_shard01/consisid_official_vbench_v1/ovb0885_consisid_official_vbench_v1_0.mp4,consisid,ovb0885,consisid,s443,
data/generated_official_vbench/consisid_official_vbench_v1_single_20260705_155651_shard01/consisid_official_vbench_v1/ovb0887_consisid_official_vbench_v1_0.mp4,consisid,ovb0887,consisid,s444,
data/generated_official_vbench/consisid_official_vbench_v1_single_20260705_155651_shard01/consisid_official_vbench_v1/ovb0889_consisid_official_vbench_v1_0.mp4,consisid,ovb0889,consisid,s445,
data/generated_official_vbench/consisid_official_vbench_v1_single_20260705_155651_shard01/consisid_official_vbench_v1/ovb0891_consisid_official_vbench_v1_0.mp4,consisid,ovb0891,consisid,s446,
data/generated_official_vbench/consisid_official_vbench_v1_single_20260705_155651_shard01/consisid_official_vbench_v1/ovb0893_consisid_official_vbench_v1_0.mp4,consisid,ovb0893,consisid,s447,
data/generated_official_vbench/consisid_official_vbench_v1_single_20260705_155651_shard01/consisid_official_vbench_v1/ovb0895_consisid_official_vbench_v1_0.mp4,consisid,ovb0895,consisid,s448,
data/generated_official_vbench/consisid_official_vbench_v1_single_20260705_155651_shard01/consisid_official_vbench_v1/ovb0897_consisid_official_vbench_v1_0.mp4,consisid,ovb0897,consisid,s449,
data/generated_official_vbench/consisid_official_vbench_v1_single_20260705_155651_shard01/consisid_official_vbench_v1/ovb0899_consisid_official_vbench_v1_0.mp4,consisid,ovb0899,consisid,s450,
data/generated_official_vbench/consisid_official_vbench_v1_single_20260705_155651_shard01/consisid_official_vbench_v1/ovb0901_consisid_official_vbench_v1_0.mp4,consisid,ovb0901,consisid,s451,
data/generated_official_vbench/consisid_official_vbench_v1_single_20260705_155651_shard01/consisid_official_vbench_v1/ovb0903_consisid_official_vbench_v1_0.mp4,consisid,ovb0903,consisid,s452,
data/generated_official_vbench/consisid_official_vbench_v1_single_20260705_155651_shard01/consisid_official_vbench_v1/ovb0905_consisid_official_vbench_v1_0.mp4,consisid,ovb0905,consisid,s453,
data/generated_official_vbench/consisid_official_vbench_v1_single_20260705_155651_shard01/consisid_official_vbench_v1/ovb0907_consisid_official_vbench_v1_0.mp4,consisid,ovb0907,consisid,s454,
data/generated_official_vbench/consisid_official_vbench_v1_single_20260705_155651_shard01/consisid_official_vbench_v1/ovb0909_consisid_official_vbench_v1_0.mp4,consisid,ovb0909,consisid,s455,
data/generated_official_vbench/consisid_official_vbench_v1_single_20260705_155651_shard01/consisid_official_vbench_v1/ovb0911_consisid_official_vbench_v1_0.mp4,consisid,ovb0911,consisid,s456,
data/generated_official_vbench/consisid_official_vbench_v1_single_20260705_155651_shard01/consisid_official_vbench_v1/ovb0913_consisid_official_vbench_v1_0.mp4,consisid,ovb0913,consisid,s457,
data/generated_official_vbench/consisid_official_vbench_v1_single_20260705_155651_shard01/consisid_official_vbench_v1/ovb0915_consisid_official_vbench_v1_0.mp4,consisid,ovb0915,consisid,s458,
data/generated_official_vbench/consisid_official_vbench_v1_single_20260705_155651_shard01/consisid_official_vbench_v1/ovb0917_consisid_official_vbench_v1_0.mp4,consisid,ovb0917,consisid,s459,
data/generated_official_vbench/consisid_official_vbench_v1_single_20260705_155651_shard01/consisid_official_vbench_v1/ovb0919_consisid_official_vbench_v1_0.mp4,consisid,ovb0919,consisid,s460,
data/generated_official_vbench/consisid_official_vbench_v1_single_20260705_155651_shard01/consisid_official_vbench_v1/ovb0921_consisid_official_vbench_v1_0.mp4,consisid,ovb0921,consisid,s461,
data/generated_official_vbench/consisid_official_vbench_v1_single_20260705_155651_shard01/consisid_official_vbench_v1/ovb0923_consisid_official_vbench_v1_0.mp4,consisid,ovb0923,consisid,s462,
data/generated_official_vbench/consisid_official_vbench_v1_single_20260705_155651_shard01/consisid_official_vbench_v1/ovb0925_consisid_official_vbench_v1_0.mp4,consisid,ovb0925,consisid,s463,
data/generated_official_vbench/consisid_official_vbench_v1_single_20260705_155651_shard01/consisid_official_vbench_v1/ovb0927_consisid_official_vbench_v1_0.mp4,consisid,ovb0927,consisid,s464,
data/generated_official_vbench/consisid_official_vbench_v1_single_20260705_155651_shard01/consisid_official_vbench_v1/ovb0929_consisid_official_vbench_v1_0.mp4,consisid,ovb0929,consisid,s465,
data/generated_official_vbench/consisid_official_vbench_v1_single_20260705_155651_shard01/consisid_official_vbench_v1/ovb0931_consisid_official_vbench_v1_0.mp4,consisid,ovb0931,consisid,s466,
data/generated_official_vbench/consisid_official_vbench_v1_single_20260705_155651_shard01/consisid_official_vbench_v1/ovb0933_consisid_official_vbench_v1_0.mp4,consisid,ovb0933,consisid,s467,
data/generated_official_vbench/consisid_official_vbench_v1_single_20260705_155651_shard01/consisid_official_vbench_v1/ovb0935_consisid_official_vbench_v1_0.mp4,consisid,ovb0935,consisid,s468,
data/generated_official_vbench/consisid_official_vbench_v1_single_20260705_155651_shard01/consisid_official_vbench_v1/ovb0937_consisid_official_vbench_v1_0.mp4,consisid,ovb0937,consisid,s469,
data/generated_official_vbench/consisid_official_vbench_v1_single_20260705_155651_shard01/consisid_official_vbench_v1/ovb0939_consisid_official_vbench_v1_0.mp4,consisid,ovb0939,consisid,s470,
data/generated_official_vbench/consisid_official_vbench_v1_single_20260705_155651_shard01/consisid_official_vbench_v1/ovb0941_consisid_official_vbench_v1_0.mp4,consisid,ovb0941,consisid,s471,
data/generated_official_vbench/consisid_official_vbench_v1_single_20260705_155651_shard01/consisid_official_vbench_v1/ovb0943_consisid_official_vbench_v1_0.mp4,consisid,ovb0943,consisid,s472,
